Table,Column,SampleIndex,OriginalReal,NormalizedDecimal,MigratedCents,Difference,Status
Funcionarios,Salario,0,5000.0,5000,500000,0,PASS
ContasPagar,Valor,0,5412.75,5412.75,541275,0,PASS
ContasPagar,Valor,1,5412.75,5412.75,541275,0,PASS
ContasReceber,Valor,0,380.2,380.2,38020,0,PASS
ContasReceber,Valor,1,150,150,15000,0,PASS
ContasReceber,Valor,2,100,100,10000,0,PASS
ContasReceber,Valor,3,150,150,15000,0,PASS
ContasReceber,Valor,4,80,80,8000,0,PASS
ContasReceber,Valor,5,120,120,12000,0,PASS
MovimentacoesFinanceiras,Valor,0,5412.75,5412.75,541275,0,PASS
MovimentacoesFinanceiras,Valor,1,5412.75,5412.75,541275,0,PASS
MovimentacoesFinanceiras,Valor,2,380.2,380.2,38020,0,PASS
MovimentacoesFinanceiras,Valor,3,380.2,380.2,38020,0,PASS
MovimentacoesFinanceiras,Valor,4,150,150,15000,0,PASS
MovimentacoesFinanceiras,Valor,5,100,100,10000,0,PASS
MovimentacoesFinanceiras,Valor,6,150,150,15000,0,PASS
MovimentacoesFinanceiras,Valor,7,80,80,8000,0,PASS
MovimentacoesFinanceiras,Valor,8,120,120,12000,0,PASS
Clientes,TotalGasto,0,980.2,980.2,98020,0,PASS
Clientes,TotalGasto,1,0.0,0,0,0,PASS
Produtos,PrecoCompra,0,15.0,15,1500,0,PASS
Produtos,PrecoCompra,1,15.0,15,1500,0,PASS
Produtos,PrecoCompra,2,15.0,15,1500,0,PASS
Produtos,PrecoCompra,3,15.0,15,1500,0,PASS
Produtos,PrecoCompra,4,15.0,15,1500,0,PASS
Produtos,PrecoCompra,5,15.0,15,1500,0,PASS
Produtos,PrecoCompra,6,15.0,15,1500,0,PASS
Produtos,PrecoCompra,7,17.98,17.98,1798,0,PASS
Produtos,PrecoCompra,8,0.0,0,0,0,PASS
Produtos,PrecoCompra,9,0.0,0,0,0,PASS
Produtos,PrecoCompra,10,0.0,0,0,0,PASS
Produtos,PrecoCompra,11,0.0,0,0,0,PASS
Produtos,PrecoCompra,12,0.0,0,0,0,PASS
Produtos,PrecoCompra,13,10.0,10,1000,0,PASS
Produtos,PrecoCompra,14,10.0,10,1000,0,PASS
Produtos,PrecoVenda,0,32.0,32,3200,0,PASS
Produtos,PrecoVenda,1,32.0,32,3200,0,PASS
Produtos,PrecoVenda,2,32.0,32,3200,0,PASS
Produtos,PrecoVenda,3,32.0,32,3200,0,PASS
Produtos,PrecoVenda,4,32.0,32,3200,0,PASS
Produtos,PrecoVenda,5,32.0,32,3200,0,PASS
Produtos,PrecoVenda,6,57.0,57,5700,0,PASS
Produtos,PrecoVenda,7,48.3,48.3,4830,0,PASS
Produtos,PrecoVenda,8,11.9,11.9,1190,0,PASS
Produtos,PrecoVenda,9,1.5,1.5,150,0,PASS
Produtos,PrecoVenda,10,1.2,1.2,120,0,PASS
Produtos,PrecoVenda,11,12.0,12,1200,0,PASS
Produtos,PrecoVenda,12,10.7,10.7,1070,0,PASS
Produtos,PrecoVenda,13,25.0,25,2500,0,PASS
Produtos,PrecoVenda,14,25.0,25,2500,0,PASS
Produtos,ValorTotalEstoque,0,135.0,135,13500,0,PASS
Produtos,ValorTotalEstoque,1,165.0,165,16500,0,PASS
Produtos,ValorTotalEstoque,2,165.0,165,16500,0,PASS
Produtos,ValorTotalEstoque,3,165.0,165,16500,0,PASS
Produtos,ValorTotalEstoque,4,165.0,165,16500,0,PASS
Produtos,ValorTotalEstoque,5,165.0,165,16500,0,PASS
Produtos,ValorTotalEstoque,6,0.0,0,0,0,PASS
Produtos,ValorTotalEstoque,7,17.98,17.98,1798,0,PASS
Produtos,ValorTotalEstoque,8,0.0,0,0,0,PASS
Produtos,ValorTotalEstoque,9,0.0,0,0,0,PASS
Produtos,ValorTotalEstoque,10,0.0,0,0,0,PASS
Produtos,ValorTotalEstoque,11,0.0,0,0,0,PASS
Produtos,ValorTotalEstoque,12,0.0,0,0,0,PASS
Produtos,ValorTotalEstoque,13,190.0,190,19000,0,PASS
Produtos,ValorTotalEstoque,14,200.0,200,20000,0,PASS
Produtos,TotalFaturado,0,0.0,0,0,0,PASS
Produtos,TotalFaturado,1,0.0,0,0,0,PASS
Produtos,TotalFaturado,2,0.0,0,0,0,PASS
Produtos,TotalFaturado,3,0.0,0,0,0,PASS
Produtos,TotalFaturado,4,0.0,0,0,0,PASS
Produtos,TotalFaturado,5,0.0,0,0,0,PASS
Produtos,TotalFaturado,6,0.0,0,0,0,PASS
Produtos,TotalFaturado,7,0.0,0,0,0,PASS
Produtos,TotalFaturado,8,0.0,0,0,0,PASS
Produtos,TotalFaturado,9,0.0,0,0,0,PASS
Produtos,TotalFaturado,10,0.0,0,0,0,PASS
Produtos,TotalFaturado,11,0.0,0,0,0,PASS
Produtos,TotalFaturado,12,0.0,0,0,0,PASS
Produtos,TotalFaturado,13,0.0,0,0,0,PASS
Produtos,TotalFaturado,14,0.0,0,0,0,PASS
OrdemServicoItens,ValorUnitario,0,57.0,57,5700,0,PASS
OrdemServicoItens,ValorUnitario,1,48.3,48.3,4830,0,PASS
OrdemServicoItens,ValorUnitario,2,150.0,150,15000,0,PASS
OrdemServicoItens,ValorUnitario,3,70.0,70,7000,0,PASS
OrdemServicoItens,ValorUnitario,4,11.9,11.9,1190,0,PASS
OrdemServicoItens,ValorUnitario,5,1.5,1.5,150,0,PASS
OrdemServicoItens,ValorUnitario,6,1.2,1.2,120,0,PASS
OrdemServicoItens,ValorUnitario,7,12.0,12,1200,0,PASS
OrdemServicoItens,ValorUnitario,8,10.7,10.7,1070,0,PASS
OrdemServicoItens,ValorUnitario,9,100.0,100,10000,0,PASS
OrdemServicoItens,ValorUnitario,10,150.0,150,15000,0,PASS
OrdemServicoItens,ValorUnitario,11,150.0,150,15000,0,PASS
OrdemServicoItens,ValorUnitario,12,120.0,120,12000,0,PASS
OrdemServicoItens,ValorUnitario,13,80.0,80,8000,0,PASS
OrdemServicoItens,ValorUnitario,14,120.0,120,12000,0,PASS
OrdemServicoItens,CustoUnitario,0,15.0,15,1500,0,PASS
OrdemServicoItens,CustoUnitario,1,17.98,17.98,1798,0,PASS
OrdemServicoItens,CustoUnitario,2,0.0,0,0,0,PASS
OrdemServicoItens,CustoUnitario,3,0.0,0,0,0,PASS
OrdemServicoItens,CustoUnitario,4,0.0,0,0,0,PASS
OrdemServicoItens,CustoUnitario,5,0.0,0,0,0,PASS
OrdemServicoItens,CustoUnitario,6,0.0,0,0,0,PASS
OrdemServicoItens,CustoUnitario,7,0.0,0,0,0,PASS
OrdemServicoItens,CustoUnitario,8,0.0,0,0,0,PASS
OrdemServicoItens,CustoUnitario,9,0.0,0,0,0,PASS
OrdemServicoItens,CustoUnitario,10,0.0,0,0,0,PASS
OrdemServicoItens,CustoUnitario,11,0.0,0,0,0,PASS
OrdemServicoItens,CustoUnitario,12,0.0,0,0,0,PASS
OrdemServicoItens,CustoUnitario,13,0.0,0,0,0,PASS
OrdemServicoItens,CustoUnitario,14,0.0,0,0,0,PASS
OrdensServico,ValorMaoObra,0,0.0,0,0,0,PASS
OrdensServico,ValorMaoObra,1,220.0,220,22000,0,PASS
OrdensServico,ValorMaoObra,2,100.0,100,10000,0,PASS
OrdensServico,ValorMaoObra,3,150.0,150,15000,0,PASS
OrdensServico,ValorMaoObra,4,150.0,150,15000,0,PASS
OrdensServico,ValorMaoObra,5,120.0,120,12000,0,PASS
OrdensServico,ValorMaoObra,6,80.0,80,8000,0,PASS
OrdensServico,ValorMaoObra,7,120.0,120,12000,0,PASS
OrdensServico,ValorMaoObra,8,120.0,120,12000,0,PASS
OrdensServico,Desconto,0,0.0,0,0,0,PASS
OrdensServico,Desconto,1,0.0,0,0,0,PASS
OrdensServico,Desconto,2,0.0,0,0,0,PASS
OrdensServico,Desconto,3,0.0,0,0,0,PASS
OrdensServico,Desconto,4,0.0,0,0,0,PASS
OrdensServico,Desconto,5,0.0,0,0,0,PASS
OrdensServico,Desconto,6,0.0,0,0,0,PASS
OrdensServico,Desconto,7,0.0,0,0,0,PASS
OrdensServico,Desconto,8,0.0,0,0,0,PASS
OrcamentoItens,PrecoUnitario,0,120.0,120,12000,0,PASS
OrcamentoItens,PrecoUnitario,1,80.0,80,8000,0,PASS
OrcamentoItens,PrecoUnitario,2,180.0,180,18000,0,PASS
OrcamentoItens,PrecoUnitario,3,0.0,0,0,0,PASS
OrcamentoItens,PrecoUnitario,4,0.0,0,0,0,PASS
OrcamentoItens,PrecoUnitario,5,0.0,0,0,0,PASS
OrcamentoItens,PrecoUnitario,6,0.0,0,0,0,PASS
OrcamentoItens,PrecoUnitario,7,120.0,120,12000,0,PASS
OrcamentoItens,PrecoUnitario,8,120.0,120,12000,0,PASS
OrcamentoItens,PrecoUnitario,9,480.0,480,48000,0,PASS
OrcamentoItens,PrecoUnitario,10,480.0,480,48000,0,PASS
OrcamentoItens,PrecoUnitario,11,480.0,480,48000,0,PASS
OrcamentoItens,PrecoUnitario,12,480.0,480,48000,0,PASS
OrcamentoItens,PrecoUnitario,13,480.0,480,48000,0,PASS
OrcamentoItens,PrecoUnitario,14,480.0,480,48000,0,PASS
OrcamentoItens,PrecoCusto,0,0.0,0,0,0,PASS
OrcamentoItens,PrecoCusto,1,0.0,0,0,0,PASS
OrcamentoItens,PrecoCusto,2,0.0,0,0,0,PASS
OrcamentoItens,PrecoCusto,3,0.0,0,0,0,PASS
OrcamentoItens,PrecoCusto,4,0.0,0,0,0,PASS
OrcamentoItens,PrecoCusto,5,0.0,0,0,0,PASS
OrcamentoItens,PrecoCusto,6,0.0,0,0,0,PASS
OrcamentoItens,PrecoCusto,7,0.0,0,0,0,PASS
OrcamentoItens,PrecoCusto,8,0.0,0,0,0,PASS
OrcamentoItens,PrecoCusto,9,0.0,0,0,0,PASS
OrcamentoItens,PrecoCusto,10,0.0,0,0,0,PASS
OrcamentoItens,PrecoCusto,11,0.0,0,0,0,PASS
OrcamentoItens,PrecoCusto,12,0.0,0,0,0,PASS
OrcamentoItens,PrecoCusto,13,0.0,0,0,0,PASS
OrcamentoItens,PrecoCusto,14,0.0,0,0,0,PASS
OrcamentoItens,Desconto,0,0.0,0,0,0,PASS
OrcamentoItens,Desconto,1,0.0,0,0,0,PASS
OrcamentoItens,Desconto,2,0.0,0,0,0,PASS
OrcamentoItens,Desconto,3,0.0,0,0,0,PASS
OrcamentoItens,Desconto,4,0.0,0,0,0,PASS
OrcamentoItens,Desconto,5,0.0,0,0,0,PASS
OrcamentoItens,Desconto,6,0.0,0,0,0,PASS
OrcamentoItens,Desconto,7,0.0,0,0,0,PASS
OrcamentoItens,Desconto,8,0.0,0,0,0,PASS
OrcamentoItens,Desconto,9,0.0,0,0,0,PASS
OrcamentoItens,Desconto,10,0.0,0,0,0,PASS
OrcamentoItens,Desconto,11,0.0,0,0,0,PASS
OrcamentoItens,Desconto,12,0.0,0,0,0,PASS
OrcamentoItens,Desconto,13,0.0,0,0,0,PASS
OrcamentoItens,Desconto,14,0.0,0,0,0,PASS
OrcamentoItens,Subtotal,0,120.0,120,12000,0,PASS
OrcamentoItens,Subtotal,1,80.0,80,8000,0,PASS
OrcamentoItens,Subtotal,2,180.0,180,18000,0,PASS
OrcamentoItens,Subtotal,3,0.0,0,0,0,PASS
OrcamentoItens,Subtotal,4,0.0,0,0,0,PASS
OrcamentoItens,Subtotal,5,0.0,0,0,0,PASS
OrcamentoItens,Subtotal,6,0.0,0,0,0,PASS
OrcamentoItens,Subtotal,7,120.0,120,12000,0,PASS
OrcamentoItens,Subtotal,8,120.0,120,12000,0,PASS
OrcamentoItens,Subtotal,9,480.0,480,48000,0,PASS
OrcamentoItens,Subtotal,10,960.0,960,96000,0,PASS
OrcamentoItens,Subtotal,11,480.0,480,48000,0,PASS
OrcamentoItens,Subtotal,12,960.0,960,96000,0,PASS
OrcamentoItens,Subtotal,13,480.0,480,48000,0,PASS
OrcamentoItens,Subtotal,14,960.0,960,96000,0,PASS
OrcamentoItens,LucroEstimado,0,120.0,120,12000,0,PASS
OrcamentoItens,LucroEstimado,1,80.0,80,8000,0,PASS
OrcamentoItens,LucroEstimado,2,180.0,180,18000,0,PASS
OrcamentoItens,LucroEstimado,3,0.0,0,0,0,PASS
OrcamentoItens,LucroEstimado,4,0.0,0,0,0,PASS
OrcamentoItens,LucroEstimado,5,0.0,0,0,0,PASS
OrcamentoItens,LucroEstimado,6,0.0,0,0,0,PASS
OrcamentoItens,LucroEstimado,7,120.0,120,12000,0,PASS
OrcamentoItens,LucroEstimado,8,120.0,120,12000,0,PASS
OrcamentoItens,LucroEstimado,9,480.0,480,48000,0,PASS
OrcamentoItens,LucroEstimado,10,960.0,960,96000,0,PASS
OrcamentoItens,LucroEstimado,11,480.0,480,48000,0,PASS
OrcamentoItens,LucroEstimado,12,960.0,960,96000,0,PASS
OrcamentoItens,LucroEstimado,13,480.0,480,48000,0,PASS
OrcamentoItens,LucroEstimado,14,960.0,960,96000,0,PASS
Orcamentos,Subtotal,0,120.0,120,12000,0,PASS
Orcamentos,Subtotal,1,80.0,80,8000,0,PASS
Orcamentos,Subtotal,2,180.0,180,18000,0,PASS
Orcamentos,Subtotal,3,120.0,120,12000,0,PASS
Orcamentos,Subtotal,4,120.0,120,12000,0,PASS
Orcamentos,Subtotal,5,480.0,480,48000,0,PASS
Orcamentos,Subtotal,6,480.0,480,48000,0,PASS
Orcamentos,Subtotal,7,480.0,480,48000,0,PASS
Orcamentos,Subtotal,8,480.0,480,48000,0,PASS
Orcamentos,Subtotal,9,480.0,480,48000,0,PASS
Orcamentos,Subtotal,10,480.0,480,48000,0,PASS
Orcamentos,Subtotal,11,480.0,480,48000,0,PASS
Orcamentos,Subtotal,12,480.0,480,48000,0,PASS
Orcamentos,Subtotal,13,480.0,480,48000,0,PASS
Orcamentos,Subtotal,14,480.0,480,48000,0,PASS
Orcamentos,Desconto,0,0.0,0,0,0,PASS
Orcamentos,Desconto,1,0.0,0,0,0,PASS
Orcamentos,Desconto,2,0.0,0,0,0,PASS
Orcamentos,Desconto,3,0.0,0,0,0,PASS
Orcamentos,Desconto,4,0.0,0,0,0,PASS
Orcamentos,Desconto,5,0.0,0,0,0,PASS
Orcamentos,Desconto,6,0.0,0,0,0,PASS
Orcamentos,Desconto,7,0.0,0,0,0,PASS
Orcamentos,Desconto,8,0.0,0,0,0,PASS
Orcamentos,Desconto,9,0.0,0,0,0,PASS
Orcamentos,Desconto,10,0.0,0,0,0,PASS
Orcamentos,Desconto,11,0.0,0,0,0,PASS
Orcamentos,Desconto,12,0.0,0,0,0,PASS
Orcamentos,Desconto,13,0.0,0,0,0,PASS
Orcamentos,Desconto,14,0.0,0,0,0,PASS
Orcamentos,Acrescimo,0,0.0,0,0,0,PASS
Orcamentos,Acrescimo,1,0.0,0,0,0,PASS
Orcamentos,Acrescimo,2,0.0,0,0,0,PASS
Orcamentos,Acrescimo,3,0.0,0,0,0,PASS
Orcamentos,Acrescimo,4,0.0,0,0,0,PASS
Orcamentos,Acrescimo,5,0.0,0,0,0,PASS
Orcamentos,Acrescimo,6,0.0,0,0,0,PASS
Orcamentos,Acrescimo,7,0.0,0,0,0,PASS
Orcamentos,Acrescimo,8,0.0,0,0,0,PASS
Orcamentos,Acrescimo,9,0.0,0,0,0,PASS
Orcamentos,Acrescimo,10,0.0,0,0,0,PASS
Orcamentos,Acrescimo,11,0.0,0,0,0,PASS
Orcamentos,Acrescimo,12,0.0,0,0,0,PASS
Orcamentos,Acrescimo,13,0.0,0,0,0,PASS
Orcamentos,Acrescimo,14,0.0,0,0,0,PASS
Orcamentos,Total,0,120.0,120,12000,0,PASS
Orcamentos,Total,1,80.0,80,8000,0,PASS
Orcamentos,Total,2,180.0,180,18000,0,PASS
Orcamentos,Total,3,120.0,120,12000,0,PASS
Orcamentos,Total,4,120.0,120,12000,0,PASS
Orcamentos,Total,5,480.0,480,48000,0,PASS
Orcamentos,Total,6,480.0,480,48000,0,PASS
Orcamentos,Total,7,480.0,480,48000,0,PASS
Orcamentos,Total,8,480.0,480,48000,0,PASS
Orcamentos,Total,9,480.0,480,48000,0,PASS
Orcamentos,Total,10,480.0,480,48000,0,PASS
Orcamentos,Total,11,480.0,480,48000,0,PASS
Orcamentos,Total,12,480.0,480,48000,0,PASS
Orcamentos,Total,13,480.0,480,48000,0,PASS
Orcamentos,Total,14,480.0,480,48000,0,PASS
Orcamentos,LucroEstimado,0,120.0,120,12000,0,PASS
Orcamentos,LucroEstimado,1,80.0,80,8000,0,PASS
Orcamentos,LucroEstimado,2,180.0,180,18000,0,PASS
Orcamentos,LucroEstimado,3,120.0,120,12000,0,PASS
Orcamentos,LucroEstimado,4,120.0,120,12000,0,PASS
Orcamentos,LucroEstimado,5,480.0,480,48000,0,PASS
Orcamentos,LucroEstimado,6,480.0,480,48000,0,PASS
Orcamentos,LucroEstimado,7,480.0,480,48000,0,PASS
Orcamentos,LucroEstimado,8,480.0,480,48000,0,PASS
Orcamentos,LucroEstimado,9,480.0,480,48000,0,PASS
Orcamentos,LucroEstimado,10,480.0,480,48000,0,PASS
Orcamentos,LucroEstimado,11,480.0,480,48000,0,PASS
Orcamentos,LucroEstimado,12,480.0,480,48000,0,PASS
Orcamentos,LucroEstimado,13,480.0,480,48000,0,PASS
Orcamentos,LucroEstimado,14,480.0,480,48000,0,PASS
Orcamentos,ComissaoVendedor,0,6.0,6,600,0,PASS
Orcamentos,ComissaoVendedor,1,4.0,4,400,0,PASS
Orcamentos,ComissaoVendedor,2,0.0,0,0,0,PASS
Orcamentos,ComissaoVendedor,3,6.0,6,600,0,PASS
Orcamentos,ComissaoVendedor,4,6.0,6,600,0,PASS
Orcamentos,ComissaoVendedor,5,0.0,0,0,0,PASS
Orcamentos,ComissaoVendedor,6,0.0,0,0,0,PASS
Orcamentos,ComissaoVendedor,7,0.0,0,0,0,PASS
Orcamentos,ComissaoVendedor,8,0.0,0,0,0,PASS
Orcamentos,ComissaoVendedor,9,0.0,0,0,0,PASS
Orcamentos,ComissaoVendedor,10,0.0,0,0,0,PASS
Orcamentos,ComissaoVendedor,11,0.0,0,0,0,PASS
Orcamentos,ComissaoVendedor,12,0.0,0,0,0,PASS
Orcamentos,ComissaoVendedor,13,0.0,0,0,0,PASS
Orcamentos,ComissaoVendedor,14,0.0,0,0,0,PASS
Orcamentos,ImpostosEstimados,0,21.6,21.6,2160,0,PASS
Orcamentos,ImpostosEstimados,1,14.4,14.4,1440,0,PASS
Orcamentos,ImpostosEstimados,2,0.0,0,0,0,PASS
Orcamentos,ImpostosEstimados,3,21.6,21.6,2160,0,PASS
Orcamentos,ImpostosEstimados,4,21.6,21.6,2160,0,PASS
Orcamentos,ImpostosEstimados,5,0.0,0,0,0,PASS
Orcamentos,ImpostosEstimados,6,0.0,0,0,0,PASS
Orcamentos,ImpostosEstimados,7,0.0,0,0,0,PASS
Orcamentos,ImpostosEstimados,8,0.0,0,0,0,PASS
Orcamentos,ImpostosEstimados,9,0.0,0,0,0,PASS
Orcamentos,ImpostosEstimados,10,0.0,0,0,0,PASS
Orcamentos,ImpostosEstimados,11,0.0,0,0,0,PASS
Orcamentos,ImpostosEstimados,12,0.0,0,0,0,PASS
Orcamentos,ImpostosEstimados,13,0.0,0,0,0,PASS
Orcamentos,ImpostosEstimados,14,0.0,0,0,0,PASS
