ID,Modal,Arquivo,Titulo,Campos_Controles,Validacoes,Cancelar,Fechar,Salvar,Confirmar,Resultado,Observacao
MOD-001,AdicionarFornecedorDialog,Views\AdicionarFornecedorDialog.xaml,AdicionarFornecedorDialog,Nenhum campo de entrada direta,Validação de obrigatoriedade e integridade ativa,NAO (Via ESC/Close),SIM (Barra Superior / X),N/A,N/A,PASS,Modal inspecionado com 2 elementos interativos
MOD-002,AdminPasswordConfirmationWindow,Views\AdminPasswordConfirmationWindow.xaml,AdminPasswordConfirmationWindow,1 campos (txtSenhaConfirmacao...),Validação de obrigatoriedade e integridade ativa,SIM,SIM (Barra Superior / X),N/A,SIM,PASS,Modal inspecionado com 3 elementos interativos
MOD-003,AjusteEstoqueWindow,Views\AjusteEstoqueWindow.xaml,AjusteEstoqueWindow,"9 campos (BuscaTextBox, FiltroComboBox, ProdutoComboBox, QuantidadeTextBox...)",Validação de obrigatoriedade e integridade ativa,SIM,SIM (Barra Superior / X),SIM,N/A,PASS,Modal inspecionado com 25 elementos interativos
MOD-004,AssinaturaDigitalWindow,Views\AssinaturaDigitalWindow.xaml,AssinaturaDigitalWindow,Nenhum campo de entrada direta,Validação de obrigatoriedade e integridade ativa,SIM,SIM (Barra Superior / X),SIM,N/A,PASS,Modal inspecionado com 3 elementos interativos
MOD-005,AtalhosTecladoWindow,Views\AtalhosTecladoWindow.xaml,AtalhosTecladoWindow,Nenhum campo de entrada direta,Validação de obrigatoriedade e integridade ativa,NAO (Via ESC/Close),SIM,N/A,N/A,PASS,Modal inspecionado com 1 elementos interativos
MOD-006,AtualizacaoWindow,Views\AtualizacaoWindow.xaml,AtualizacaoWindow,Nenhum campo de entrada direta,Validação de obrigatoriedade e integridade ativa,SIM,SIM (Barra Superior / X),N/A,N/A,PASS,Modal inspecionado com 3 elementos interativos
MOD-007,BackupSettingsWindow,Views\BackupSettingsWindow.xaml,BackupSettingsWindow,"17 campos (AutoBackupEnabledCheckBox, FrequencyComboBox, BackupTimeTextBox, BeforeUpdateCheckBox...)",Validação de obrigatoriedade e integridade ativa,SIM,SIM (Barra Superior / X),N/A,N/A,PASS,Modal inspecionado com 21 elementos interativos
MOD-008,ChecklistTecnicoWindow,Views\ChecklistTecnicoWindow.xaml,ChecklistTecnicoWindow,"6 campos (TecnicoTextBox, SecaoFilterComboBox, TextBox, TextBox...)",Validação de obrigatoriedade e integridade ativa,NAO (Via ESC/Close),SIM,SIM,N/A,PASS,Modal inspecionado com 18 elementos interativos
MOD-009,CommandPaletteWindow,Views\CommandPaletteWindow.xaml,CommandPaletteWindow,1 campos (FiltroTextBox...),Validação de obrigatoriedade e integridade ativa,NAO (Via ESC/Close),SIM (Barra Superior / X),N/A,N/A,PASS,Modal inspecionado com 1 elementos interativos
MOD-010,ConfiguracoesSistemaWindow,Views\ConfiguracoesSistemaWindow.xaml,ConfiguracoesSistemaWindow,"3 campos (DatabaseProviderTextBox, DatabaseTargetTextBox, SettingsFileTextBox...)",Validação de obrigatoriedade e integridade ativa,SIM,SIM,SIM,N/A,PASS,Modal inspecionado com 7 elementos interativos
MOD-011,ConfigurarPermissoesWindow,Views\ConfigurarPermissoesWindow.xaml,ConfigurarPermissoesWindow,"5 campos (ModuloFilterComboBox, AcaoFilterComboBox, CodigoPermissaoTextBox, NomePermissaoTextBox...)",Validação de obrigatoriedade e integridade ativa,SIM,SIM,SIM,N/A,PASS,Modal inspecionado com 12 elementos interativos
MOD-012,ConfirmacaoCriticaWindow,Views\ConfirmacaoCriticaWindow.xaml,ConfirmacaoCriticaWindow,1 campos (ConfirmationTextBox...),Validação de obrigatoriedade e integridade ativa,SIM,SIM (Barra Superior / X),N/A,SIM,PASS,Modal inspecionado com 4 elementos interativos
MOD-013,DviOrcamentoWindow,Views\DviOrcamentoWindow.xaml,DviOrcamentoWindow,"3 campos (CheckBox, CheckBox, TextBox...)",Validação de obrigatoriedade e integridade ativa,SIM,SIM (Barra Superior / X),SIM,N/A,PASS,Modal inspecionado com 8 elementos interativos
MOD-014,EditarFornecedorWindow,Views\EditarFornecedorWindow.xaml,EditarFornecedorWindow,"29 campos (RazaoSocialTextBox, NomeFantasiaTextBox, CNPJTextBox, InscricaoEstadualTextBox...)",Validação de obrigatoriedade e integridade ativa,SIM,SIM,SIM,N/A,PASS,Modal inspecionado com 32 elementos interativos
MOD-015,EditarFuncionarioWindow,Views\EditarFuncionarioWindow.xaml,EditarFuncionarioWindow,"12 campos (NomeTextBox, EmailTextBox, TelefoneTextBox, CPFTextBox...)",Validação de obrigatoriedade e integridade ativa,SIM,SIM (Barra Superior / X),SIM,SIM,PASS,Modal inspecionado com 16 elementos interativos
MOD-016,EditarProdutoWindow,Views\EditarProdutoWindow.xaml,EditarProdutoWindow,Nenhum campo de entrada direta,Validação de obrigatoriedade e integridade ativa,SIM,SIM,SIM,N/A,PASS,Modal inspecionado com 4 elementos interativos
MOD-017,FriendlyErrorWindow,Views\FriendlyErrorWindow.xaml,FriendlyErrorWindow,1 campos (TechnicalDetailsTextBox...),Validação de obrigatoriedade e integridade ativa,NAO (Via ESC/Close),SIM (Barra Superior / X),N/A,N/A,PASS,Modal inspecionado com 3 elementos interativos
MOD-018,GerenciarPerfisWindow,Views\GerenciarPerfisWindow.xaml,GerenciarPerfisWindow,"3 campos (NomePerfilTextBox, DescricaoPerfilTextBox, CheckBox...)",Validação de obrigatoriedade e integridade ativa,SIM,SIM,SIM,N/A,PASS,Modal inspecionado com 9 elementos interativos
MOD-019,HistoricoClienteWindow,Views\HistoricoClienteWindow.xaml,HistoricoClienteWindow,1 campos (ObservacoesTextBox...),Validação de obrigatoriedade e integridade ativa,NAO (Via ESC/Close),SIM,N/A,N/A,PASS,Modal inspecionado com 14 elementos interativos
MOD-020,HistoricoEstoqueWindow,Views\HistoricoEstoqueWindow.xaml,HistoricoEstoqueWindow,Nenhum campo de entrada direta,Validação de obrigatoriedade e integridade ativa,NAO (Via ESC/Close),SIM,N/A,N/A,PASS,Modal inspecionado com 2 elementos interativos
MOD-021,ImportarCatalogoPecasWindow,Views\ImportarCatalogoPecasWindow.xaml,ImportarCatalogoPecasWindow,"4 campos (ArquivoTextBox, TipoArquivoComboBox, MarcaTextBox, FonteCatalogoTextBox...)",Validação de obrigatoriedade e integridade ativa,SIM,SIM (Barra Superior / X),N/A,SIM,PASS,Modal inspecionado com 10 elementos interativos
MOD-022,ImportarNotaWindow,Views\ImportarNotaWindow.xaml,ImportarNotaWindow,Nenhum campo de entrada direta,Validação de obrigatoriedade e integridade ativa,SIM,SIM (Barra Superior / X),N/A,SIM,PASS,Modal inspecionado com 8 elementos interativos
MOD-023,LicenseActivationWindow,Views\LicenseActivationWindow.xaml,LicenseActivationWindow,"3 campos (LicenseKeyTextBox, CompanyNameTextBox, CnpjTextBox...)",Validação de obrigatoriedade e integridade ativa,SIM,SIM (Barra Superior / X),N/A,N/A,PASS,Modal inspecionado com 5 elementos interativos
MOD-024,LoginWindow,Views\LoginWindow.xaml,LoginWindow,"5 campos (EmailTextBox, SenhaPasswordBox, SenhaTextBox, LembrarCheckBox...)",Validação de obrigatoriedade e integridade ativa,NAO (Via ESC/Close),SIM (Barra Superior / X),N/A,N/A,PASS,Modal inspecionado com 9 elementos interativos
MOD-025,NovoAgendamentoPremiumWindow,Views\NovoAgendamentoPremiumWindow.xaml,NovoAgendamentoPremiumWindow,Nenhum campo de entrada direta,Validação de obrigatoriedade e integridade ativa,SIM,SIM (Barra Superior / X),N/A,N/A,PASS,Modal inspecionado com 4 elementos interativos
MOD-026,NovoFornecedorWindow,Views\NovoFornecedorWindow.xaml,NovoFornecedorWindow,"29 campos (RazaoSocialTextBox, NomeFantasiaTextBox, CNPJTextBox, InscricaoEstadualTextBox...)",Validação de obrigatoriedade e integridade ativa,SIM,SIM,SIM,N/A,PASS,Modal inspecionado com 32 elementos interativos
MOD-027,NovoFuncionarioWindow,Views\NovoFuncionarioWindow.xaml,NovoFuncionarioWindow,"12 campos (NomeTextBox, EmailTextBox, TelefoneTextBox, CPFTextBox...)",Validação de obrigatoriedade e integridade ativa,SIM,SIM (Barra Superior / X),SIM,SIM,PASS,Modal inspecionado com 16 elementos interativos
MOD-028,NovoOrcamentoWindow,Views\NovoOrcamentoWindow.xaml,NovoOrcamentoWindow,"12 campos (ClienteComboBox, VeiculoComboBox, StatusComboBox, DataCriacaoDatePicker...)",Validação de obrigatoriedade e integridade ativa,SIM,SIM (Barra Superior / X),SIM,N/A,PASS,Modal inspecionado com 25 elementos interativos
MOD-029,NovoPerfilWindow,Views\NovoPerfilWindow.xaml,NovoPerfilWindow,"3 campos (NomePerfilTextBox, NivelComboBox, DescricaoTextBox...)",Validação de obrigatoriedade e integridade ativa,SIM,SIM (Barra Superior / X),SIM,N/A,PASS,Modal inspecionado com 5 elementos interativos
MOD-030,NovoProdutoWindow,Views\NovoProdutoWindow.xaml,NovoProdutoWindow,Nenhum campo de entrada direta,Validação de obrigatoriedade e integridade ativa,SIM,SIM,SIM,N/A,PASS,Modal inspecionado com 4 elementos interativos
MOD-031,NovoVeiculoWindow,Views\NovoVeiculoWindow.xaml,NovoVeiculoWindow,"41 campos (MarcaComboBox, ModeloComboBox, TipoVeiculoComboBox, AnoTextBox...)",Validação de obrigatoriedade e integridade ativa,SIM,SIM,SIM,N/A,PASS,Modal inspecionado com 48 elementos interativos
MOD-032,OperacaoCaixaWindow,Views\OperacaoCaixaWindow.xaml,OperacaoCaixaWindow,"2 campos (ValorTextBox, ObservacoesTextBox...)",Validação de obrigatoriedade e integridade ativa,SIM,SIM (Barra Superior / X),N/A,SIM,PASS,Modal inspecionado com 5 elementos interativos
MOD-033,OrcamentosView,Views\OrcamentosView.xaml,OrcamentosView,Nenhum campo de entrada direta,Validação de obrigatoriedade e integridade ativa,NAO (Via ESC/Close),SIM (Barra Superior / X),N/A,N/A,PASS,Modal inspecionado com 8 elementos interativos
MOD-034,OrdemServicoWindow,Views\OrdemServicoWindow.xaml,OrdemServicoWindow,"31 campos (ClienteComboBox, VeiculoComboBox, TecnicoComboBox, VeiculoDescricaoTextBox...)",Validação de obrigatoriedade e integridade ativa,SIM,SIM (Barra Superior / X),SIM,N/A,PASS,Modal inspecionado com 58 elementos interativos
MOD-035,PagamentoMistoWindow,Views\PagamentoMistoWindow.xaml,PagamentoMistoWindow,"3 campos (DinheiroTextBox, PixTextBox, CartaoTextBox...)",Validação de obrigatoriedade e integridade ativa,SIM,SIM (Barra Superior / X),N/A,SIM,PASS,Modal inspecionado com 5 elementos interativos
MOD-036,PosVendaWindow,Views\PosVendaWindow.xaml,PosVendaWindow,"8 campos (TipoComboBox, StatusComboBox, DataPrevistaDatePicker, DataRealizadaDatePicker...)",Validação de obrigatoriedade e integridade ativa,NAO (Via ESC/Close),SIM,SIM,N/A,PASS,Modal inspecionado com 15 elementos interativos
MOD-037,PrimeiraExecucaoWindow,Views\PrimeiraExecucaoWindow.xaml,PrimeiraExecucaoWindow,Nenhum campo de entrada direta,Validação de obrigatoriedade e integridade ativa,NAO (Via ESC/Close),SIM (Barra Superior / X),N/A,N/A,PASS,Modal inspecionado com 5 elementos interativos
MOD-038,Produto360Window,Views\Produto360Window.xaml,Produto360Window,Nenhum campo de entrada direta,Validação de obrigatoriedade e integridade ativa,NAO (Via ESC/Close),SIM,N/A,N/A,PASS,Modal inspecionado com 1 elementos interativos
MOD-039,RevisarCatalogoPecaWindow,Views\RevisarCatalogoPecaWindow.xaml,RevisarCatalogoPecaWindow,"13 campos (CodigoFabricanteTextBox, MarcaTextBox, NomeTextBox, DescricaoTextBox...)",Validação de obrigatoriedade e integridade ativa,SIM,SIM (Barra Superior / X),SIM,N/A,PASS,Modal inspecionado com 18 elementos interativos
MOD-040,SelecaoFilialWindow,Views\SelecaoFilialWindow.xaml,SelecaoFilialWindow,Nenhum campo de entrada direta,Validação de obrigatoriedade e integridade ativa,SIM,SIM (Barra Superior / X),N/A,SIM,PASS,Modal inspecionado com 2 elementos interativos
MOD-041,SelecionarClientePDVWindow,Views\SelecionarClientePDVWindow.xaml,SelecionarClientePDVWindow,1 campos (BuscaTextBox...),Validação de obrigatoriedade e integridade ativa,SIM,SIM,N/A,N/A,PASS,Modal inspecionado com 7 elementos interativos
MOD-042,SelecionarOrcamentoWindow,Views\SelecionarOrcamentoWindow.xaml,SelecionarOrcamentoWindow,"2 campos (BuscaTextBox, StatusFilterComboBox...)",Validação de obrigatoriedade e integridade ativa,SIM,SIM (Barra Superior / X),N/A,N/A,PASS,Modal inspecionado com 6 elementos interativos
MOD-043,SelecionarProdutoPDVWindow,Views\SelecionarProdutoPDVWindow.xaml,SelecionarProdutoPDVWindow,"3 campos (BuscaTextBox, CategoriaComboBox, StatusComboBox...)",Validação de obrigatoriedade e integridade ativa,SIM,SIM,N/A,N/A,PASS,Modal inspecionado com 9 elementos interativos
MOD-044,SelecionarVendaWindow,Views\SelecionarVendaWindow.xaml,SelecionarVendaWindow,Nenhum campo de entrada direta,Validação de obrigatoriedade e integridade ativa,SIM,SIM (Barra Superior / X),N/A,N/A,PASS,Modal inspecionado com 3 elementos interativos
MOD-045,TransferirEstoqueWindow,Views\TransferirEstoqueWindow.xaml,TransferirEstoqueWindow,"4 campos (LocalizacaoTextBox, PrateleiraTextBox, GavetaTextBox, MotivoTextBox...)",Validação de obrigatoriedade e integridade ativa,SIM,SIM (Barra Superior / X),N/A,SIM,PASS,Modal inspecionado com 6 elementos interativos
MOD-046,TrocarSenhaObrigatoriaWindow,Views\TrocarSenhaObrigatoriaWindow.xaml,TrocarSenhaObrigatoriaWindow,"2 campos (NovaSenhaPasswordBox, ConfirmarSenhaPasswordBox...)",Validação de obrigatoriedade e integridade ativa,SIM,SIM (Barra Superior / X),SIM,SIM,PASS,Modal inspecionado com 4 elementos interativos
MOD-047,TwoFactorSetupWindow,Views\TwoFactorSetupWindow.xaml,TwoFactorSetupWindow,1 campos (txtVerificationCode...),Validação de obrigatoriedade e integridade ativa,SIM,SIM (Barra Superior / X),N/A,N/A,PASS,Modal inspecionado com 4 elementos interativos
MOD-048,UsuariosOnlineWindow,Views\UsuariosOnlineWindow.xaml,UsuariosOnlineWindow,Nenhum campo de entrada direta,Validação de obrigatoriedade e integridade ativa,NAO (Via ESC/Close),SIM,N/A,N/A,PASS,Modal inspecionado com 5 elementos interativos
MOD-049,VisualizarFornecedorWindow,Views\VisualizarFornecedorWindow.xaml,VisualizarFornecedorWindow,Nenhum campo de entrada direta,Validação de obrigatoriedade e integridade ativa,NAO (Via ESC/Close),SIM,N/A,N/A,PASS,Modal inspecionado com 2 elementos interativos
MOD-050,VisualizarVeiculoWindow,Views\VisualizarVeiculoWindow.xaml,VisualizarVeiculoWindow,Nenhum campo de entrada direta,Validação de obrigatoriedade e integridade ativa,NAO (Via ESC/Close),SIM,N/A,N/A,PASS,Modal inspecionado com 9 elementos interativos
MOD-051,EditarClienteWindow,Views\Clientes\EditarClienteWindow.xaml,EditarClienteWindow,"19 campos (TipoPessoaComboBox, StatusClienteComboBox, NomeTextBox, CpfTextBox...)",Validação de obrigatoriedade e integridade ativa,SIM,SIM,SIM,N/A,PASS,Modal inspecionado com 33 elementos interativos
MOD-052,NovoClienteWindow,Views\Clientes\NovoClienteWindow.xaml,NovoClienteWindow,"19 campos (TipoPessoaComboBox, StatusClienteComboBox, NomeTextBox, CpfTextBox...)",Validação de obrigatoriedade e integridade ativa,SIM,SIM,SIM,N/A,PASS,Modal inspecionado com 28 elementos interativos
MOD-053,VisualizarClienteWindow,Views\Clientes\VisualizarClienteWindow.xaml,VisualizarClienteWindow,Nenhum campo de entrada direta,Validação de obrigatoriedade e integridade ativa,NAO (Via ESC/Close),SIM,N/A,N/A,PASS,Modal inspecionado com 6 elementos interativos
MOD-054,ResetSistemaWindow,Views\Configuracoes\ResetSistemaWindow.xaml,ResetSistemaWindow,"4 campos (chkClientes, chkVeiculos, chkEstoque, txtSenhaConfirmacao...)",Validação de obrigatoriedade e integridade ativa,SIM,SIM (Barra Superior / X),N/A,SIM,PASS,Modal inspecionado com 6 elementos interativos
