ID,Tipo,Subtipo,Nome,Arquivo,Camada,Categoria,Acoes_Botoes,Persistencia,Status_B5_4,Status_B5_5,Observacao
INV-0001,UI_WINDOW_VIEW,Modal/Window/View,AdicionarFornecedorDialog,Views\AdicionarFornecedorDialog.xaml,Presentation,Cadastros,,SQLite,PASS,HOMOLOGADO,Mapeado e homologado no fluxo 360 / UI Engine ()
INV-0002,UI_WINDOW_VIEW,Modal/Window/View,AdminPasswordConfirmationWindow,Views\AdminPasswordConfirmationWindow.xaml,Presentation,Operação,,SQLite,PASS,HOMOLOGADO,Mapeado e homologado no fluxo 360 / UI Engine ()
INV-0003,UI_WINDOW_VIEW,Modal/Window/View,AjusteEstoqueWindow,Views\AjusteEstoqueWindow.xaml,Presentation,Cadastros,,SQLite,PASS,HOMOLOGADO,Mapeado e homologado no fluxo 360 / UI Engine ()
INV-0004,UI_WINDOW_VIEW,Modal/Window/View,AssinaturaDigitalWindow,Views\AssinaturaDigitalWindow.xaml,Presentation,Operação,,SQLite,PASS,HOMOLOGADO,Mapeado e homologado no fluxo 360 / UI Engine ()
INV-0005,UI_WINDOW_VIEW,Modal/Window/View,AtalhosTecladoWindow,Views\AtalhosTecladoWindow.xaml,Presentation,Ajuda,,SQLite,PASS,HOMOLOGADO,Mapeado e homologado no fluxo 360 / UI Engine ()
INV-0006,UI_WINDOW_VIEW,Modal/Window/View,AtualizacaoWindow,Views\AtualizacaoWindow.xaml,Presentation,Sistema,,SQLite,PASS,HOMOLOGADO,Mapeado e homologado no fluxo 360 / UI Engine ()
INV-0007,UI_WINDOW_VIEW,Modal/Window/View,BackupSettingsWindow,Views\BackupSettingsWindow.xaml,Presentation,Sistema,,SQLite,PASS,HOMOLOGADO,Mapeado e homologado no fluxo 360 / UI Engine ()
INV-0008,UI_WINDOW_VIEW,Modal/Window/View,ChecklistTecnicoWindow,Views\ChecklistTecnicoWindow.xaml,Presentation,Operação,,SQLite,PASS,HOMOLOGADO,Mapeado e homologado no fluxo 360 / UI Engine ()
INV-0009,UI_WINDOW_VIEW,Modal/Window/View,CommandPaletteWindow,Views\CommandPaletteWindow.xaml,Presentation,Operação,,SQLite,PASS,HOMOLOGADO,Mapeado e homologado no fluxo 360 / UI Engine ()
INV-0010,UI_WINDOW_VIEW,Modal/Window/View,ConfiguracoesSistemaWindow,Views\ConfiguracoesSistemaWindow.xaml,Presentation,Operação,,SQLite,PASS,HOMOLOGADO,Mapeado e homologado no fluxo 360 / UI Engine ()
INV-0011,UI_WINDOW_VIEW,Modal/Window/View,ConfigurarPermissoesWindow,Views\ConfigurarPermissoesWindow.xaml,Presentation,Sistema,,SQLite,PASS,HOMOLOGADO,Mapeado e homologado no fluxo 360 / UI Engine ()
INV-0012,UI_WINDOW_VIEW,Modal/Window/View,ConfirmacaoCriticaWindow,Views\ConfirmacaoCriticaWindow.xaml,Presentation,Operação,,SQLite,PASS,HOMOLOGADO,Mapeado e homologado no fluxo 360 / UI Engine ()
INV-0013,UI_WINDOW_VIEW,Modal/Window/View,DviOrcamentoWindow,Views\DviOrcamentoWindow.xaml,Presentation,Operação,,SQLite,PASS,HOMOLOGADO,Mapeado e homologado no fluxo 360 / UI Engine ()
INV-0014,UI_WINDOW_VIEW,Modal/Window/View,EditarFornecedorWindow,Views\EditarFornecedorWindow.xaml,Presentation,Cadastros,,SQLite,PASS,HOMOLOGADO,Mapeado e homologado no fluxo 360 / UI Engine ()
INV-0015,UI_WINDOW_VIEW,Modal/Window/View,EditarFuncionarioWindow,Views\EditarFuncionarioWindow.xaml,Presentation,Cadastros,,SQLite,PASS,HOMOLOGADO,Mapeado e homologado no fluxo 360 / UI Engine ()
INV-0016,UI_WINDOW_VIEW,Modal/Window/View,EditarProdutoWindow,Views\EditarProdutoWindow.xaml,Presentation,Operação,,SQLite,PASS,HOMOLOGADO,Mapeado e homologado no fluxo 360 / UI Engine ()
INV-0017,UI_WINDOW_VIEW,Modal/Window/View,FriendlyErrorWindow,Views\FriendlyErrorWindow.xaml,Presentation,Operação,,SQLite,PASS,HOMOLOGADO,Mapeado e homologado no fluxo 360 / UI Engine ()
INV-0018,UI_WINDOW_VIEW,Modal/Window/View,GerenciarPerfisWindow,Views\GerenciarPerfisWindow.xaml,Presentation,Operação,,SQLite,PASS,HOMOLOGADO,Mapeado e homologado no fluxo 360 / UI Engine ()
INV-0019,UI_WINDOW_VIEW,Modal/Window/View,HistoricoClienteWindow,Views\HistoricoClienteWindow.xaml,Presentation,Cadastros,,SQLite,PASS,HOMOLOGADO,Mapeado e homologado no fluxo 360 / UI Engine ()
INV-0020,UI_WINDOW_VIEW,Modal/Window/View,HistoricoEstoqueWindow,Views\HistoricoEstoqueWindow.xaml,Presentation,Cadastros,,SQLite,PASS,HOMOLOGADO,Mapeado e homologado no fluxo 360 / UI Engine ()
INV-0021,UI_WINDOW_VIEW,Modal/Window/View,ImportarCatalogoPecasWindow,Views\ImportarCatalogoPecasWindow.xaml,Presentation,Cadastros,,SQLite,PASS,HOMOLOGADO,Mapeado e homologado no fluxo 360 / UI Engine ()
INV-0022,UI_WINDOW_VIEW,Modal/Window/View,ImportarNotaWindow,Views\ImportarNotaWindow.xaml,Presentation,Operação,,SQLite,PASS,HOMOLOGADO,Mapeado e homologado no fluxo 360 / UI Engine ()
INV-0023,UI_WINDOW_VIEW,Modal/Window/View,LicenseActivationWindow,Views\LicenseActivationWindow.xaml,Presentation,Sistema,,SQLite,PASS,HOMOLOGADO,Mapeado e homologado no fluxo 360 / UI Engine ()
INV-0024,UI_WINDOW_VIEW,Modal/Window/View,LoginWindow,Views\LoginWindow.xaml,Presentation,Operação,,SQLite,PASS,HOMOLOGADO,Mapeado e homologado no fluxo 360 / UI Engine ()
INV-0025,UI_WINDOW_VIEW,Modal/Window/View,NovoAgendamentoPremiumWindow,Views\NovoAgendamentoPremiumWindow.xaml,Presentation,Operação,,SQLite,PASS,HOMOLOGADO,Mapeado e homologado no fluxo 360 / UI Engine ()
INV-0026,UI_WINDOW_VIEW,Modal/Window/View,NovoFornecedorWindow,Views\NovoFornecedorWindow.xaml,Presentation,Cadastros,,SQLite,PASS,HOMOLOGADO,Mapeado e homologado no fluxo 360 / UI Engine ()
INV-0027,UI_WINDOW_VIEW,Modal/Window/View,NovoFuncionarioWindow,Views\NovoFuncionarioWindow.xaml,Presentation,Cadastros,,SQLite,PASS,HOMOLOGADO,Mapeado e homologado no fluxo 360 / UI Engine ()
INV-0028,UI_WINDOW_VIEW,Modal/Window/View,NovoOrcamentoWindow,Views\NovoOrcamentoWindow.xaml,Presentation,Operação,,SQLite,PASS,HOMOLOGADO,Mapeado e homologado no fluxo 360 / UI Engine ()
INV-0029,UI_WINDOW_VIEW,Modal/Window/View,NovoPerfilWindow,Views\NovoPerfilWindow.xaml,Presentation,Sistema,,SQLite,PASS,HOMOLOGADO,Mapeado e homologado no fluxo 360 / UI Engine ()
INV-0030,UI_WINDOW_VIEW,Modal/Window/View,NovoProdutoWindow,Views\NovoProdutoWindow.xaml,Presentation,Operação,,SQLite,PASS,HOMOLOGADO,Mapeado e homologado no fluxo 360 / UI Engine ()
INV-0031,UI_WINDOW_VIEW,Modal/Window/View,NovoVeiculoWindow,Views\NovoVeiculoWindow.xaml,Presentation,Cadastros,,SQLite,PASS,HOMOLOGADO,Mapeado e homologado no fluxo 360 / UI Engine ()
INV-0032,UI_WINDOW_VIEW,Modal/Window/View,OperacaoCaixaWindow,Views\OperacaoCaixaWindow.xaml,Presentation,Operação,,SQLite,PASS,HOMOLOGADO,Mapeado e homologado no fluxo 360 / UI Engine ()
INV-0033,UI_WINDOW_VIEW,Modal/Window/View,OrcamentosDashboardControl,Views\OrcamentosDashboardControl.xaml,Presentation,Gestão,,SQLite,PASS,HOMOLOGADO,Mapeado e homologado no fluxo 360 / UI Engine ()
INV-0034,UI_WINDOW_VIEW,Modal/Window/View,OrcamentosView,Views\OrcamentosView.xaml,Presentation,Operação,,SQLite,PASS,HOMOLOGADO,Mapeado e homologado no fluxo 360 / UI Engine ()
INV-0035,UI_WINDOW_VIEW,Modal/Window/View,OrdemServicoWindow,Views\OrdemServicoWindow.xaml,Presentation,Operação,,SQLite,PASS,HOMOLOGADO,Mapeado e homologado no fluxo 360 / UI Engine ()
INV-0036,UI_WINDOW_VIEW,Modal/Window/View,PagamentoMistoWindow,Views\PagamentoMistoWindow.xaml,Presentation,Operação,,SQLite,PASS,HOMOLOGADO,Mapeado e homologado no fluxo 360 / UI Engine ()
INV-0037,UI_WINDOW_VIEW,Modal/Window/View,PosVendaWindow,Views\PosVendaWindow.xaml,Presentation,Operação,,SQLite,PASS,HOMOLOGADO,Mapeado e homologado no fluxo 360 / UI Engine ()
INV-0038,UI_WINDOW_VIEW,Modal/Window/View,PrimeiraExecucaoWindow,Views\PrimeiraExecucaoWindow.xaml,Presentation,Operação,,SQLite,PASS,HOMOLOGADO,Mapeado e homologado no fluxo 360 / UI Engine ()
INV-0039,UI_WINDOW_VIEW,Modal/Window/View,Produto360Window,Views\Produto360Window.xaml,Presentation,Operação,,SQLite,PASS,HOMOLOGADO,Mapeado e homologado no fluxo 360 / UI Engine ()
INV-0040,UI_WINDOW_VIEW,Modal/Window/View,RevisarCatalogoPecaWindow,Views\RevisarCatalogoPecaWindow.xaml,Presentation,Cadastros,,SQLite,PASS,HOMOLOGADO,Mapeado e homologado no fluxo 360 / UI Engine ()
INV-0041,UI_WINDOW_VIEW,Modal/Window/View,SelecaoFilialWindow,Views\SelecaoFilialWindow.xaml,Presentation,Operação,,SQLite,PASS,HOMOLOGADO,Mapeado e homologado no fluxo 360 / UI Engine ()
INV-0042,UI_WINDOW_VIEW,Modal/Window/View,SelecionarClientePDVWindow,Views\SelecionarClientePDVWindow.xaml,Presentation,Cadastros,,SQLite,PASS,HOMOLOGADO,Mapeado e homologado no fluxo 360 / UI Engine ()
INV-0043,UI_WINDOW_VIEW,Modal/Window/View,SelecionarOrcamentoWindow,Views\SelecionarOrcamentoWindow.xaml,Presentation,Operação,,SQLite,PASS,HOMOLOGADO,Mapeado e homologado no fluxo 360 / UI Engine ()
INV-0044,UI_WINDOW_VIEW,Modal/Window/View,SelecionarProdutoPDVWindow,Views\SelecionarProdutoPDVWindow.xaml,Presentation,Operação,,SQLite,PASS,HOMOLOGADO,Mapeado e homologado no fluxo 360 / UI Engine ()
INV-0045,UI_WINDOW_VIEW,Modal/Window/View,SelecionarVendaWindow,Views\SelecionarVendaWindow.xaml,Presentation,Operação,,SQLite,PASS,HOMOLOGADO,Mapeado e homologado no fluxo 360 / UI Engine ()
INV-0046,UI_WINDOW_VIEW,Modal/Window/View,TransferirEstoqueWindow,Views\TransferirEstoqueWindow.xaml,Presentation,Cadastros,,SQLite,PASS,HOMOLOGADO,Mapeado e homologado no fluxo 360 / UI Engine ()
INV-0047,UI_WINDOW_VIEW,Modal/Window/View,TrocarSenhaObrigatoriaWindow,Views\TrocarSenhaObrigatoriaWindow.xaml,Presentation,Operação,,SQLite,PASS,HOMOLOGADO,Mapeado e homologado no fluxo 360 / UI Engine ()
INV-0048,UI_WINDOW_VIEW,Modal/Window/View,TwoFactorSetupWindow,Views\TwoFactorSetupWindow.xaml,Presentation,Operação,,SQLite,PASS,HOMOLOGADO,Mapeado e homologado no fluxo 360 / UI Engine ()
INV-0049,UI_WINDOW_VIEW,Modal/Window/View,UsuariosOnlineWindow,Views\UsuariosOnlineWindow.xaml,Presentation,Operação,,SQLite,PASS,HOMOLOGADO,Mapeado e homologado no fluxo 360 / UI Engine ()
INV-0050,UI_WINDOW_VIEW,Modal/Window/View,VisualizarFornecedorWindow,Views\VisualizarFornecedorWindow.xaml,Presentation,Cadastros,,SQLite,PASS,HOMOLOGADO,Mapeado e homologado no fluxo 360 / UI Engine ()
INV-0051,UI_WINDOW_VIEW,Modal/Window/View,VisualizarVeiculoWindow,Views\VisualizarVeiculoWindow.xaml,Presentation,Cadastros,,SQLite,PASS,HOMOLOGADO,Mapeado e homologado no fluxo 360 / UI Engine ()
INV-0052,UI_WINDOW_VIEW,Modal/Window/View,EditarClienteWindow,Views\Clientes\EditarClienteWindow.xaml,Presentation,Cadastros,,SQLite,PASS,HOMOLOGADO,Mapeado e homologado no fluxo 360 / UI Engine ()
INV-0053,UI_WINDOW_VIEW,Modal/Window/View,NovoClienteWindow,Views\Clientes\NovoClienteWindow.xaml,Presentation,Cadastros,,SQLite,PASS,HOMOLOGADO,Mapeado e homologado no fluxo 360 / UI Engine ()
INV-0054,UI_WINDOW_VIEW,Modal/Window/View,VisualizarClienteWindow,Views\Clientes\VisualizarClienteWindow.xaml,Presentation,Cadastros,,SQLite,PASS,HOMOLOGADO,Mapeado e homologado no fluxo 360 / UI Engine ()
INV-0055,UI_WINDOW_VIEW,Modal/Window/View,ResetSistemaWindow,Views\Configuracoes\ResetSistemaWindow.xaml,Presentation,Sistema,,SQLite,PASS,HOMOLOGADO,Mapeado e homologado no fluxo 360 / UI Engine ()
INV-0056,UI_WINDOW_VIEW,Modal/Window/View,AgendamentosControl,UserControls\AgendamentosControl.xaml,Presentation,Operação,,SQLite,PASS,HOMOLOGADO,Mapeado e homologado no fluxo 360 / UI Engine ()
INV-0057,UI_WINDOW_VIEW,Modal/Window/View,AutoEletricaTecnicaControl,UserControls\AutoEletricaTecnicaControl.xaml,Presentation,Operação,,SQLite,PASS,HOMOLOGADO,Mapeado e homologado no fluxo 360 / UI Engine ()
INV-0058,UI_WINDOW_VIEW,Modal/Window/View,CatalogoPecasControl,UserControls\CatalogoPecasControl.xaml,Presentation,Cadastros,,SQLite,PASS,HOMOLOGADO,Mapeado e homologado no fluxo 360 / UI Engine ()
INV-0059,UI_WINDOW_VIEW,Modal/Window/View,ClientesControl,UserControls\ClientesControl.xaml,Presentation,Cadastros,,SQLite,PASS,HOMOLOGADO,Mapeado e homologado no fluxo 360 / UI Engine ()
INV-0060,UI_WINDOW_VIEW,Modal/Window/View,DashboardControl,UserControls\DashboardControl.xaml,Presentation,Gestão,,SQLite,PASS,HOMOLOGADO,Mapeado e homologado no fluxo 360 / UI Engine ()
INV-0061,UI_WINDOW_VIEW,Modal/Window/View,EstoqueControl,UserControls\EstoqueControl.xaml,Presentation,Cadastros,,SQLite,PASS,HOMOLOGADO,Mapeado e homologado no fluxo 360 / UI Engine ()
INV-0062,UI_WINDOW_VIEW,Modal/Window/View,FinanceiroControl,UserControls\FinanceiroControl.xaml,Presentation,Gestão,,SQLite,PASS,HOMOLOGADO,Mapeado e homologado no fluxo 360 / UI Engine ()
INV-0063,UI_WINDOW_VIEW,Modal/Window/View,FiscalOperationsControl,UserControls\FiscalOperationsControl.xaml,Presentation,Operação,,SQLite,PASS,HOMOLOGADO,Mapeado e homologado no fluxo 360 / UI Engine ()
INV-0064,UI_WINDOW_VIEW,Modal/Window/View,FornecedoresControl,UserControls\FornecedoresControl.xaml,Presentation,Cadastros,,SQLite,PASS,HOMOLOGADO,Mapeado e homologado no fluxo 360 / UI Engine ()
INV-0065,UI_WINDOW_VIEW,Modal/Window/View,FuncionariosControl,UserControls\FuncionariosControl.xaml,Presentation,Cadastros,,SQLite,PASS,HOMOLOGADO,Mapeado e homologado no fluxo 360 / UI Engine ()
INV-0066,UI_WINDOW_VIEW,Modal/Window/View,GlobalSearchControl,UserControls\GlobalSearchControl.xaml,Presentation,Operação,,SQLite,PASS,HOMOLOGADO,Mapeado e homologado no fluxo 360 / UI Engine ()
INV-0067,UI_WINDOW_VIEW,Modal/Window/View,HelpControl,UserControls\HelpControl.xaml,Presentation,Ajuda,,SQLite,PASS,HOMOLOGADO,Mapeado e homologado no fluxo 360 / UI Engine ()
INV-0068,UI_WINDOW_VIEW,Modal/Window/View,ImportarNFeControl,UserControls\ImportarNFeControl.xaml,Presentation,Operação,,SQLite,PASS,HOMOLOGADO,Mapeado e homologado no fluxo 360 / UI Engine ()
INV-0069,UI_WINDOW_VIEW,Modal/Window/View,OficinaKanbanControl,UserControls\OficinaKanbanControl.xaml,Presentation,Operação,,SQLite,PASS,HOMOLOGADO,Mapeado e homologado no fluxo 360 / UI Engine ()
INV-0070,UI_WINDOW_VIEW,Modal/Window/View,OrcamentoAlertasControl,UserControls\OrcamentoAlertasControl.xaml,Presentation,Operação,,SQLite,PASS,HOMOLOGADO,Mapeado e homologado no fluxo 360 / UI Engine ()
INV-0071,UI_WINDOW_VIEW,Modal/Window/View,OrcamentoBuscaInteligenteControl,UserControls\OrcamentoBuscaInteligenteControl.xaml,Presentation,Operação,,SQLite,PASS,HOMOLOGADO,Mapeado e homologado no fluxo 360 / UI Engine ()
INV-0072,UI_WINDOW_VIEW,Modal/Window/View,OrcamentoCarrinhoControl,UserControls\OrcamentoCarrinhoControl.xaml,Presentation,Operação,,SQLite,PASS,HOMOLOGADO,Mapeado e homologado no fluxo 360 / UI Engine ()
INV-0073,UI_WINDOW_VIEW,Modal/Window/View,OrcamentoClientePanelControl,UserControls\OrcamentoClientePanelControl.xaml,Presentation,Cadastros,,SQLite,PASS,HOMOLOGADO,Mapeado e homologado no fluxo 360 / UI Engine ()
INV-0074,UI_WINDOW_VIEW,Modal/Window/View,OrcamentoHistoricoNegociacaoControl,UserControls\OrcamentoHistoricoNegociacaoControl.xaml,Presentation,Operação,,SQLite,PASS,HOMOLOGADO,Mapeado e homologado no fluxo 360 / UI Engine ()
INV-0075,UI_WINDOW_VIEW,Modal/Window/View,OrcamentoProdutosPanelControl,UserControls\OrcamentoProdutosPanelControl.xaml,Presentation,Operação,,SQLite,PASS,HOMOLOGADO,Mapeado e homologado no fluxo 360 / UI Engine ()
INV-0076,UI_WINDOW_VIEW,Modal/Window/View,OrcamentoResumoFinanceiroControl,UserControls\OrcamentoResumoFinanceiroControl.xaml,Presentation,Gestão,,SQLite,PASS,HOMOLOGADO,Mapeado e homologado no fluxo 360 / UI Engine ()
INV-0077,UI_WINDOW_VIEW,Modal/Window/View,OrcamentosControl,UserControls\OrcamentosControl.xaml,Presentation,Operação,,SQLite,PASS,HOMOLOGADO,Mapeado e homologado no fluxo 360 / UI Engine ()
INV-0078,UI_WINDOW_VIEW,Modal/Window/View,OrcamentoStatusControl,UserControls\OrcamentoStatusControl.xaml,Presentation,Operação,,SQLite,PASS,HOMOLOGADO,Mapeado e homologado no fluxo 360 / UI Engine ()
INV-0079,UI_WINDOW_VIEW,Modal/Window/View,OrcamentoTimelineControl,UserControls\OrcamentoTimelineControl.xaml,Presentation,Operação,,SQLite,PASS,HOMOLOGADO,Mapeado e homologado no fluxo 360 / UI Engine ()
INV-0080,UI_WINDOW_VIEW,Modal/Window/View,OrdensServicoControl,UserControls\OrdensServicoControl.xaml,Presentation,Operação,,SQLite,PASS,HOMOLOGADO,Mapeado e homologado no fluxo 360 / UI Engine ()
INV-0081,UI_WINDOW_VIEW,Modal/Window/View,PDVControl,UserControls\PDVControl.xaml,Presentation,Operação,,SQLite,PASS,HOMOLOGADO,Mapeado e homologado no fluxo 360 / UI Engine ()
INV-0082,UI_WINDOW_VIEW,Modal/Window/View,RelatoriosControl,UserControls\RelatoriosControl.xaml,Presentation,Gestão,,SQLite,PASS,HOMOLOGADO,Mapeado e homologado no fluxo 360 / UI Engine ()
INV-0083,UI_WINDOW_VIEW,Modal/Window/View,VeiculosControl,UserControls\VeiculosControl.xaml,Presentation,Cadastros,,SQLite,PASS,HOMOLOGADO,Mapeado e homologado no fluxo 360 / UI Engine ()
INV-0084,UI_WINDOW_VIEW,Modal/Window/View,App,App.xaml,Presentation,Operação,,SQLite,PASS,HOMOLOGADO,Mapeado e homologado no fluxo 360 / UI Engine ()
INV-0085,UI_WINDOW_VIEW,Modal/Window/View,MainWindow,MainWindow.xaml,Presentation,Operação,,SQLite,PASS,HOMOLOGADO,Mapeado e homologado no fluxo 360 / UI Engine ()
INV-0086,UI_WINDOW_VIEW,Modal/Window/View,Animations,Themes\Animations.xaml,Presentation,Operação,,SQLite,PASS,HOMOLOGADO,Mapeado e homologado no fluxo 360 / UI Engine ()
INV-0087,UI_WINDOW_VIEW,Modal/Window/View,Badges,Themes\Badges.xaml,Presentation,Operação,,SQLite,PASS,HOMOLOGADO,Mapeado e homologado no fluxo 360 / UI Engine ()
INV-0088,UI_WINDOW_VIEW,Modal/Window/View,Buttons,Themes\Buttons.xaml,Presentation,Operação,,SQLite,PASS,HOMOLOGADO,Mapeado e homologado no fluxo 360 / UI Engine ()
INV-0089,UI_WINDOW_VIEW,Modal/Window/View,Calendar,Themes\Calendar.xaml,Presentation,Operação,,SQLite,PASS,HOMOLOGADO,Mapeado e homologado no fluxo 360 / UI Engine ()
INV-0090,UI_WINDOW_VIEW,Modal/Window/View,Cards,Themes\Cards.xaml,Presentation,Operação,,SQLite,PASS,HOMOLOGADO,Mapeado e homologado no fluxo 360 / UI Engine ()
INV-0091,UI_WINDOW_VIEW,Modal/Window/View,Colors.Dark,Themes\Colors.Dark.xaml,Presentation,Operação,,SQLite,PASS,HOMOLOGADO,Mapeado e homologado no fluxo 360 / UI Engine ()
INV-0092,UI_WINDOW_VIEW,Modal/Window/View,Colors.Light,Themes\Colors.Light.xaml,Presentation,Operação,,SQLite,PASS,HOMOLOGADO,Mapeado e homologado no fluxo 360 / UI Engine ()
INV-0093,UI_WINDOW_VIEW,Modal/Window/View,Colors,Themes\Colors.xaml,Presentation,Operação,,SQLite,PASS,HOMOLOGADO,Mapeado e homologado no fluxo 360 / UI Engine ()
INV-0094,UI_WINDOW_VIEW,Modal/Window/View,Dashboard,Themes\Dashboard.xaml,Presentation,Gestão,,SQLite,PASS,HOMOLOGADO,Mapeado e homologado no fluxo 360 / UI Engine ()
INV-0095,UI_WINDOW_VIEW,Modal/Window/View,DataGrid,Themes\DataGrid.xaml,Presentation,Operação,,SQLite,PASS,HOMOLOGADO,Mapeado e homologado no fluxo 360 / UI Engine ()
INV-0096,UI_WINDOW_VIEW,Modal/Window/View,Density,Themes\Density.xaml,Presentation,Operação,,SQLite,PASS,HOMOLOGADO,Mapeado e homologado no fluxo 360 / UI Engine ()
INV-0097,UI_WINDOW_VIEW,Modal/Window/View,EmptyStates,Themes\EmptyStates.xaml,Presentation,Operação,,SQLite,PASS,HOMOLOGADO,Mapeado e homologado no fluxo 360 / UI Engine ()
INV-0098,UI_WINDOW_VIEW,Modal/Window/View,Feedback,Themes\Feedback.xaml,Presentation,Operação,,SQLite,PASS,HOMOLOGADO,Mapeado e homologado no fluxo 360 / UI Engine ()
INV-0099,UI_WINDOW_VIEW,Modal/Window/View,GlobalStyles,Themes\GlobalStyles.xaml,Presentation,Operação,,SQLite,PASS,HOMOLOGADO,Mapeado e homologado no fluxo 360 / UI Engine ()
INV-0100,UI_WINDOW_VIEW,Modal/Window/View,Header,Themes\Header.xaml,Presentation,Operação,,SQLite,PASS,HOMOLOGADO,Mapeado e homologado no fluxo 360 / UI Engine ()
INV-0101,UI_WINDOW_VIEW,Modal/Window/View,Icons,Themes\Icons.xaml,Presentation,Operação,,SQLite,PASS,HOMOLOGADO,Mapeado e homologado no fluxo 360 / UI Engine ()
INV-0102,UI_WINDOW_VIEW,Modal/Window/View,Inputs,Themes\Inputs.xaml,Presentation,Operação,,SQLite,PASS,HOMOLOGADO,Mapeado e homologado no fluxo 360 / UI Engine ()
INV-0103,UI_WINDOW_VIEW,Modal/Window/View,ListView,Themes\ListView.xaml,Presentation,Operação,,SQLite,PASS,HOMOLOGADO,Mapeado e homologado no fluxo 360 / UI Engine ()
INV-0104,UI_WINDOW_VIEW,Modal/Window/View,Modal,Themes\Modal.xaml,Presentation,Operação,,SQLite,PASS,HOMOLOGADO,Mapeado e homologado no fluxo 360 / UI Engine ()
INV-0105,UI_WINDOW_VIEW,Modal/Window/View,NativeChrome,Themes\NativeChrome.xaml,Presentation,Operação,,SQLite,PASS,HOMOLOGADO,Mapeado e homologado no fluxo 360 / UI Engine ()
INV-0106,UI_WINDOW_VIEW,Modal/Window/View,Shadows,Themes\Shadows.xaml,Presentation,Operação,,SQLite,PASS,HOMOLOGADO,Mapeado e homologado no fluxo 360 / UI Engine ()
INV-0107,UI_WINDOW_VIEW,Modal/Window/View,Sidebar,Themes\Sidebar.xaml,Presentation,Operação,,SQLite,PASS,HOMOLOGADO,Mapeado e homologado no fluxo 360 / UI Engine ()
INV-0108,UI_WINDOW_VIEW,Modal/Window/View,StandardTheme,Themes\StandardTheme.xaml,Presentation,Operação,,SQLite,PASS,HOMOLOGADO,Mapeado e homologado no fluxo 360 / UI Engine ()
INV-0109,UI_WINDOW_VIEW,Modal/Window/View,Tables,Themes\Tables.xaml,Presentation,Operação,,SQLite,PASS,HOMOLOGADO,Mapeado e homologado no fluxo 360 / UI Engine ()
INV-0110,UI_WINDOW_VIEW,Modal/Window/View,Typography,Themes\Typography.xaml,Presentation,Operação,,SQLite,PASS,HOMOLOGADO,Mapeado e homologado no fluxo 360 / UI Engine ()
INV-0111,VIEWMODEL,MVVM State/Commands,AgendamentosViewModel,ViewModels\AgendamentosViewModel.cs,Presentation Logic,MVVM,Bindings / Relays / PropertyChanged,N/A,PASS,HOMOLOGADO,Camada MVVM de binding reativo e comandos da interface
INV-0112,VIEWMODEL,MVVM State/Commands,AutoEletricaTecnicaViewModel,ViewModels\AutoEletricaTecnicaViewModel.cs,Presentation Logic,MVVM,Bindings / Relays / PropertyChanged,N/A,PASS,HOMOLOGADO,Camada MVVM de binding reativo e comandos da interface
INV-0113,VIEWMODEL,MVVM State/Commands,BaseViewModel,ViewModels\BaseViewModel.cs,Presentation Logic,MVVM,Bindings / Relays / PropertyChanged,N/A,PASS,HOMOLOGADO,Camada MVVM de binding reativo e comandos da interface
INV-0114,VIEWMODEL,MVVM State/Commands,CatalogoPecasViewModel,ViewModels\CatalogoPecasViewModel.cs,Presentation Logic,MVVM,Bindings / Relays / PropertyChanged,N/A,PASS,HOMOLOGADO,Camada MVVM de binding reativo e comandos da interface
INV-0115,VIEWMODEL,MVVM State/Commands,ClienteListItemViewModel,ViewModels\ClienteListItemViewModel.cs,Presentation Logic,MVVM,Bindings / Relays / PropertyChanged,N/A,PASS,HOMOLOGADO,Camada MVVM de binding reativo e comandos da interface
INV-0116,VIEWMODEL,MVVM State/Commands,ClientesViewModel,ViewModels\ClientesViewModel.cs,Presentation Logic,MVVM,Bindings / Relays / PropertyChanged,N/A,PASS,HOMOLOGADO,Camada MVVM de binding reativo e comandos da interface
INV-0117,VIEWMODEL,MVVM State/Commands,DashboardViewModel,ViewModels\DashboardViewModel.cs,Presentation Logic,MVVM,Bindings / Relays / PropertyChanged,N/A,PASS,HOMOLOGADO,Camada MVVM de binding reativo e comandos da interface
INV-0118,VIEWMODEL,MVVM State/Commands,EstoqueViewModel,ViewModels\EstoqueViewModel.cs,Presentation Logic,MVVM,Bindings / Relays / PropertyChanged,N/A,PASS,HOMOLOGADO,Camada MVVM de binding reativo e comandos da interface
INV-0119,VIEWMODEL,MVVM State/Commands,FinanceiroViewModel,ViewModels\FinanceiroViewModel.cs,Presentation Logic,MVVM,Bindings / Relays / PropertyChanged,N/A,PASS,HOMOLOGADO,Camada MVVM de binding reativo e comandos da interface
INV-0120,VIEWMODEL,MVVM State/Commands,FornecedoresViewModel,ViewModels\FornecedoresViewModel.cs,Presentation Logic,MVVM,Bindings / Relays / PropertyChanged,N/A,PASS,HOMOLOGADO,Camada MVVM de binding reativo e comandos da interface
INV-0121,VIEWMODEL,MVVM State/Commands,FuncionariosViewModel,ViewModels\FuncionariosViewModel.cs,Presentation Logic,MVVM,Bindings / Relays / PropertyChanged,N/A,PASS,HOMOLOGADO,Camada MVVM de binding reativo e comandos da interface
INV-0122,VIEWMODEL,MVVM State/Commands,LoginViewModel,ViewModels\LoginViewModel.cs,Presentation Logic,MVVM,Bindings / Relays / PropertyChanged,N/A,PASS,HOMOLOGADO,Camada MVVM de binding reativo e comandos da interface
INV-0123,VIEWMODEL,MVVM State/Commands,NovoAgendamentoPremiumViewModel,ViewModels\NovoAgendamentoPremiumViewModel.cs,Presentation Logic,MVVM,Bindings / Relays / PropertyChanged,N/A,PASS,HOMOLOGADO,Camada MVVM de binding reativo e comandos da interface
INV-0124,VIEWMODEL,MVVM State/Commands,OrcamentosViewModel,ViewModels\OrcamentosViewModel.cs,Presentation Logic,MVVM,Bindings / Relays / PropertyChanged,N/A,PASS,HOMOLOGADO,Camada MVVM de binding reativo e comandos da interface
INV-0125,VIEWMODEL,MVVM State/Commands,OrdensServicoViewModel,ViewModels\OrdensServicoViewModel.cs,Presentation Logic,MVVM,Bindings / Relays / PropertyChanged,N/A,PASS,HOMOLOGADO,Camada MVVM de binding reativo e comandos da interface
INV-0126,VIEWMODEL,MVVM State/Commands,PDVViewModel,ViewModels\PDVViewModel.cs,Presentation Logic,MVVM,Bindings / Relays / PropertyChanged,N/A,PASS,HOMOLOGADO,Camada MVVM de binding reativo e comandos da interface
INV-0127,VIEWMODEL,MVVM State/Commands,PrinterManagementViewModel,ViewModels\PrinterManagementViewModel.cs,Presentation Logic,MVVM,Bindings / Relays / PropertyChanged,N/A,PASS,HOMOLOGADO,Camada MVVM de binding reativo e comandos da interface
INV-0128,VIEWMODEL,MVVM State/Commands,RelatoriosModernoViewModel,ViewModels\RelatoriosModernoViewModel.cs,Presentation Logic,MVVM,Bindings / Relays / PropertyChanged,N/A,PASS,HOMOLOGADO,Camada MVVM de binding reativo e comandos da interface
INV-0129,VIEWMODEL,MVVM State/Commands,RelatoriosViewModel,ViewModels\RelatoriosViewModel.cs,Presentation Logic,MVVM,Bindings / Relays / PropertyChanged,N/A,PASS,HOMOLOGADO,Camada MVVM de binding reativo e comandos da interface
INV-0130,VIEWMODEL,MVVM State/Commands,RelayCommand,ViewModels\RelayCommand.cs,Presentation Logic,MVVM,Bindings / Relays / PropertyChanged,N/A,PASS,HOMOLOGADO,Camada MVVM de binding reativo e comandos da interface
INV-0131,VIEWMODEL,MVVM State/Commands,TrocarSenhaObrigatoriaViewModel,ViewModels\TrocarSenhaObrigatoriaViewModel.cs,Presentation Logic,MVVM,Bindings / Relays / PropertyChanged,N/A,PASS,HOMOLOGADO,Camada MVVM de binding reativo e comandos da interface
INV-0132,VIEWMODEL,MVVM State/Commands,VeiculosViewModel,ViewModels\VeiculosViewModel.cs,Presentation Logic,MVVM,Bindings / Relays / PropertyChanged,N/A,PASS,HOMOLOGADO,Camada MVVM de binding reativo e comandos da interface
INV-0133,REPOSITORY,Data Access Layer,AuditoriaRepository,Repositories\AuditoriaRepository.cs,Data Persistence,Database/DAL,CRUD / SQL / Dapper / MoneyIO,SQLite,PASS,HOMOLOGADO,Repositório de persistência SQLite com suporte a MoneyIO e transações
INV-0134,REPOSITORY,Data Access Layer,ClienteRepository,Repositories\ClienteRepository.cs,Data Persistence,Database/DAL,CRUD / SQL / Dapper / MoneyIO,SQLite,PASS,HOMOLOGADO,Repositório de persistência SQLite com suporte a MoneyIO e transações
INV-0135,REPOSITORY,Data Access Layer,FornecedorRepository,Repositories\FornecedorRepository.cs,Data Persistence,Database/DAL,CRUD / SQL / Dapper / MoneyIO,SQLite,PASS,HOMOLOGADO,Repositório de persistência SQLite com suporte a MoneyIO e transações
INV-0136,REPOSITORY,Data Access Layer,FuncionarioRepository,Repositories\FuncionarioRepository.cs,Data Persistence,Database/DAL,CRUD / SQL / Dapper / MoneyIO,SQLite,PASS,HOMOLOGADO,Repositório de persistência SQLite com suporte a MoneyIO e transações
INV-0137,REPOSITORY,Data Access Layer,IClienteRepository,Repositories\IClienteRepository.cs,Data Persistence,Database/DAL,CRUD / SQL / Dapper / MoneyIO,SQLite,PASS,HOMOLOGADO,Repositório de persistência SQLite com suporte a MoneyIO e transações
INV-0138,REPOSITORY,Data Access Layer,IFornecedorRepository,Repositories\IFornecedorRepository.cs,Data Persistence,Database/DAL,CRUD / SQL / Dapper / MoneyIO,SQLite,PASS,HOMOLOGADO,Repositório de persistência SQLite com suporte a MoneyIO e transações
INV-0139,REPOSITORY,Data Access Layer,IFuncionarioRepository,Repositories\IFuncionarioRepository.cs,Data Persistence,Database/DAL,CRUD / SQL / Dapper / MoneyIO,SQLite,PASS,HOMOLOGADO,Repositório de persistência SQLite com suporte a MoneyIO e transações
INV-0140,REPOSITORY,Data Access Layer,IOrdemServicoRepository,Repositories\IOrdemServicoRepository.cs,Data Persistence,Database/DAL,CRUD / SQL / Dapper / MoneyIO,SQLite,PASS,HOMOLOGADO,Repositório de persistência SQLite com suporte a MoneyIO e transações
INV-0141,REPOSITORY,Data Access Layer,IProdutoRepository,Repositories\IProdutoRepository.cs,Data Persistence,Database/DAL,CRUD / SQL / Dapper / MoneyIO,SQLite,PASS,HOMOLOGADO,Repositório de persistência SQLite com suporte a MoneyIO e transações
INV-0142,REPOSITORY,Data Access Layer,OrdemServicoRepository,Repositories\OrdemServicoRepository.cs,Data Persistence,Database/DAL,CRUD / SQL / Dapper / MoneyIO,SQLite,PASS,HOMOLOGADO,Repositório de persistência SQLite com suporte a MoneyIO e transações
INV-0143,REPOSITORY,Data Access Layer,ProdutoRepository,Repositories\ProdutoRepository.cs,Data Persistence,Database/DAL,CRUD / SQL / Dapper / MoneyIO,SQLite,PASS,HOMOLOGADO,Repositório de persistência SQLite com suporte a MoneyIO e transações
INV-0144,REPOSITORY,Data Access Layer,RepositoryRegistry,Repositories\RepositoryRegistry.cs,Data Persistence,Database/DAL,CRUD / SQL / Dapper / MoneyIO,SQLite,PASS,HOMOLOGADO,Repositório de persistência SQLite com suporte a MoneyIO e transações
INV-0145,REPOSITORY,Data Access Layer,VendaRepository,Repositories\VendaRepository.cs,Data Persistence,Database/DAL,CRUD / SQL / Dapper / MoneyIO,SQLite,PASS,HOMOLOGADO,Repositório de persistência SQLite com suporte a MoneyIO e transações
INV-0146,SERVICE,Business Service,AccessibilityService,Services\AccessibilityService.cs,Business Logic,Geral,Regras de Negócio / Orquestração,SQLite / JSON Pericial,PASS,HOMOLOGADO,Serviço de lógica de negócio: Geral
INV-0147,SERVICE,Business Service,AgendamentoDatabaseService,Services\AgendamentoDatabaseService.cs,Business Logic,Backup/Restore,Regras de Negócio / Orquestração,SQLite / JSON Pericial,PASS,HOMOLOGADO,Serviço de lógica de negócio: Backup/Restore
INV-0148,SERVICE,Business Service,AgendamentoReportService,Services\AgendamentoReportService.cs,Business Logic,Geral,Regras de Negócio / Orquestração,SQLite / JSON Pericial,PASS,HOMOLOGADO,Serviço de lógica de negócio: Geral
INV-0149,SERVICE,Business Service,AppCacheService,Services\AppCacheService.cs,Business Logic,Geral,Regras de Negócio / Orquestração,SQLite / JSON Pericial,PASS,HOMOLOGADO,Serviço de lógica de negócio: Geral
INV-0150,SERVICE,Business Service,AppRuntimeConfiguration,Services\AppRuntimeConfiguration.cs,Business Logic,Geral,Regras de Negócio / Orquestração,SQLite / JSON Pericial,PASS,HOMOLOGADO,Serviço de lógica de negócio: Geral
INV-0151,SERVICE,Business Service,AppSessionService,Services\AppSessionService.cs,Business Logic,Geral,Regras de Negócio / Orquestração,SQLite / JSON Pericial,PASS,HOMOLOGADO,Serviço de lógica de negócio: Geral
INV-0152,SERVICE,Business Service,AuditLogService,Services\AuditLogService.cs,Business Logic,Geral,Regras de Negócio / Orquestração,SQLite / JSON Pericial,PASS,HOMOLOGADO,Serviço de lógica de negócio: Geral
INV-0153,SERVICE,Business Service,AuditTrailService,Services\AuditTrailService.cs,Business Logic,Geral,Regras de Negócio / Orquestração,SQLite / JSON Pericial,PASS,HOMOLOGADO,Serviço de lógica de negócio: Geral
INV-0154,SERVICE,Business Service,AutoEletricaRoteiroPersistService,Services\AutoEletricaRoteiroPersistService.cs,Business Logic,Autoelétrica,Regras de Negócio / Orquestração,SQLite / JSON Pericial,PASS,HOMOLOGADO,Serviço de lógica de negócio: Autoelétrica
INV-0155,SERVICE,Business Service,AutoEletricaTecnicaService,Services\AutoEletricaTecnicaService.cs,Business Logic,Autoelétrica,Regras de Negócio / Orquestração,SQLite / JSON Pericial,PASS,HOMOLOGADO,Serviço de lógica de negócio: Autoelétrica
INV-0156,SERVICE,Business Service,BusinessConfigurationService,Services\BusinessConfigurationService.cs,Business Logic,Geral,Regras de Negócio / Orquestração,SQLite / JSON Pericial,PASS,HOMOLOGADO,Serviço de lógica de negócio: Geral
INV-0157,SERVICE,Business Service,CaixaService,Services\CaixaService.cs,Business Logic,Financeiro,Regras de Negócio / Orquestração,SQLite / JSON Pericial,PASS,HOMOLOGADO,Serviço de lógica de negócio: Financeiro
INV-0158,SERVICE,Business Service,ChecklistTecnicoService,Services\ChecklistTecnicoService.cs,Business Logic,Checklist Multiponto,Regras de Negócio / Orquestração,SQLite / JSON Pericial,PASS,HOMOLOGADO,Serviço de lógica de negócio: Checklist Multiponto
INV-0159,SERVICE,Business Service,ClienteMediaService,Services\ClienteMediaService.cs,Business Logic,Geral,Regras de Negócio / Orquestração,SQLite / JSON Pericial,PASS,HOMOLOGADO,Serviço de lógica de negócio: Geral
INV-0160,SERVICE,Business Service,ClipboardHelper,Services\ClipboardHelper.cs,Business Logic,Geral,Regras de Negócio / Orquestração,SQLite / JSON Pericial,PASS,HOMOLOGADO,Serviço de lógica de negócio: Geral
INV-0161,SERVICE,Business Service,ComissaoSettlementService,Services\ComissaoSettlementService.cs,Business Logic,Geral,Regras de Negócio / Orquestração,SQLite / JSON Pericial,PASS,HOMOLOGADO,Serviço de lógica de negócio: Geral
INV-0162,SERVICE,Business Service,CommercialDocumentActions,Services\CommercialDocumentActions.cs,Business Logic,Geral,Regras de Negócio / Orquestração,SQLite / JSON Pericial,PASS,HOMOLOGADO,Serviço de lógica de negócio: Geral
INV-0163,SERVICE,Business Service,CompraSugestaoService,Services\CompraSugestaoService.cs,Business Logic,Geral,Regras de Negócio / Orquestração,SQLite / JSON Pericial,PASS,HOMOLOGADO,Serviço de lógica de negócio: Geral
INV-0164,SERVICE,Business Service,ContabilExportService,Services\ContabilExportService.cs,Business Logic,Financeiro,Regras de Negócio / Orquestração,SQLite / JSON Pericial,PASS,HOMOLOGADO,Serviço de lógica de negócio: Financeiro
INV-0165,SERVICE,Business Service,CriticalActionDialogService,Services\CriticalActionDialogService.cs,Business Logic,Geral,Regras de Negócio / Orquestração,SQLite / JSON Pericial,PASS,HOMOLOGADO,Serviço de lógica de negócio: Geral
INV-0166,SERVICE,Business Service,CryptoService,Services\CryptoService.cs,Business Logic,Geral,Regras de Negócio / Orquestração,SQLite / JSON Pericial,PASS,HOMOLOGADO,Serviço de lógica de negócio: Geral
INV-0167,SERVICE,Business Service,DatabaseBackupService,Services\DatabaseBackupService.cs,Business Logic,Backup/Restore,Regras de Negócio / Orquestração,SQLite / JSON Pericial,PASS,HOMOLOGADO,Serviço de lógica de negócio: Backup/Restore
INV-0168,SERVICE,Business Service,DatabaseConnectionSettingsService,Services\DatabaseConnectionSettingsService.cs,Business Logic,Backup/Restore,Regras de Negócio / Orquestração,SQLite / JSON Pericial,PASS,HOMOLOGADO,Serviço de lógica de negócio: Backup/Restore
INV-0169,SERVICE,Business Service,DatabaseHealthService,Services\DatabaseHealthService.cs,Business Logic,Backup/Restore,Regras de Negócio / Orquestração,SQLite / JSON Pericial,PASS,HOMOLOGADO,Serviço de lógica de negócio: Backup/Restore
INV-0170,SERVICE,Business Service,DatabasePersistenceTestService,Services\DatabasePersistenceTestService.cs,Business Logic,Backup/Restore,Regras de Negócio / Orquestração,SQLite / JSON Pericial,PASS,HOMOLOGADO,Serviço de lógica de negócio: Backup/Restore
INV-0171,SERVICE,Business Service,DatabaseProviderPlanService,Services\DatabaseProviderPlanService.cs,Business Logic,Backup/Restore,Regras de Negócio / Orquestração,SQLite / JSON Pericial,PASS,HOMOLOGADO,Serviço de lógica de negócio: Backup/Restore
INV-0172,SERVICE,Business Service,DatabaseService.AccessControl,Services\DatabaseService.AccessControl.cs,Business Logic,Backup/Restore,Regras de Negócio / Orquestração,SQLite / JSON Pericial,PASS,HOMOLOGADO,Serviço de lógica de negócio: Backup/Restore
INV-0173,SERVICE,Business Service,DatabaseService.Audit,Services\DatabaseService.Audit.cs,Business Logic,Backup/Restore,Regras de Negócio / Orquestração,SQLite / JSON Pericial,PASS,HOMOLOGADO,Serviço de lógica de negócio: Backup/Restore
INV-0174,SERVICE,Business Service,DatabaseService.Clientes,Services\DatabaseService.Clientes.cs,Business Logic,Backup/Restore,Regras de Negócio / Orquestração,SQLite / JSON Pericial,PASS,HOMOLOGADO,Serviço de lógica de negócio: Backup/Restore
INV-0175,SERVICE,Business Service,DatabaseService.Estoque,Services\DatabaseService.Estoque.cs,Business Logic,Estoque/Peças,Regras de Negócio / Orquestração,SQLite / JSON Pericial,PASS,HOMOLOGADO,Serviço de lógica de negócio: Estoque/Peças
INV-0176,SERVICE,Business Service,DatabaseService.Fornecedores,Services\DatabaseService.Fornecedores.cs,Business Logic,Backup/Restore,Regras de Negócio / Orquestração,SQLite / JSON Pericial,PASS,HOMOLOGADO,Serviço de lógica de negócio: Backup/Restore
INV-0177,SERVICE,Business Service,DatabaseService.Funcionarios,Services\DatabaseService.Funcionarios.cs,Business Logic,Backup/Restore,Regras de Negócio / Orquestração,SQLite / JSON Pericial,PASS,HOMOLOGADO,Serviço de lógica de negócio: Backup/Restore
INV-0178,SERVICE,Business Service,DatabaseService.Migrations,Services\DatabaseService.Migrations.cs,Business Logic,Backup/Restore,Regras de Negócio / Orquestração,SQLite / JSON Pericial,PASS,HOMOLOGADO,Serviço de lógica de negócio: Backup/Restore
INV-0179,SERVICE,Business Service,DatabaseService.OrdensServico,Services\DatabaseService.OrdensServico.cs,Business Logic,Backup/Restore,Regras de Negócio / Orquestração,SQLite / JSON Pericial,PASS,HOMOLOGADO,Serviço de lógica de negócio: Backup/Restore
INV-0180,SERVICE,Business Service,DatabaseService.Produtos,Services\DatabaseService.Produtos.cs,Business Logic,Estoque/Peças,Regras de Negócio / Orquestração,SQLite / JSON Pericial,PASS,HOMOLOGADO,Serviço de lógica de negócio: Estoque/Peças
INV-0181,SERVICE,Business Service,DatabaseService.Reset,Services\DatabaseService.Reset.cs,Business Logic,Backup/Restore,Regras de Negócio / Orquestração,SQLite / JSON Pericial,PASS,HOMOLOGADO,Serviço de lógica de negócio: Backup/Restore
INV-0182,SERVICE,Business Service,DatabaseService,Services\DatabaseService.cs,Business Logic,Backup/Restore,Regras de Negócio / Orquestração,SQLite / JSON Pericial,PASS,HOMOLOGADO,Serviço de lógica de negócio: Backup/Restore
INV-0183,SERVICE,Business Service,DiagnosticoTecnicoService,Services\DiagnosticoTecnicoService.cs,Business Logic,Autoelétrica,Regras de Negócio / Orquestração,SQLite / JSON Pericial,PASS,HOMOLOGADO,Serviço de lógica de negócio: Autoelétrica
INV-0184,SERVICE,Business Service,DisplayDensityService,Services\DisplayDensityService.cs,Business Logic,Geral,Regras de Negócio / Orquestração,SQLite / JSON Pericial,PASS,HOMOLOGADO,Serviço de lógica de negócio: Geral
INV-0185,SERVICE,Business Service,DocumentoPdfService,Services\DocumentoPdfService.cs,Business Logic,Relatórios/Impressão,Regras de Negócio / Orquestração,SQLite / JSON Pericial,PASS,HOMOLOGADO,Serviço de lógica de negócio: Relatórios/Impressão
INV-0186,SERVICE,Business Service,DviChecklistService,Services\DviChecklistService.cs,Business Logic,Checklist Multiponto,Regras de Negócio / Orquestração,SQLite / JSON Pericial,PASS,HOMOLOGADO,Serviço de lógica de negócio: Checklist Multiponto
INV-0187,SERVICE,Business Service,ErrorHandlingService,Services\ErrorHandlingService.cs,Business Logic,Geral,Regras de Negócio / Orquestração,SQLite / JSON Pericial,PASS,HOMOLOGADO,Serviço de lógica de negócio: Geral
INV-0188,SERVICE,Business Service,EstoqueOperationalService,Services\EstoqueOperationalService.cs,Business Logic,Estoque/Peças,Regras de Negócio / Orquestração,SQLite / JSON Pericial,PASS,HOMOLOGADO,Serviço de lógica de negócio: Estoque/Peças
INV-0189,SERVICE,Business Service,ExternalBackupService,Services\ExternalBackupService.cs,Business Logic,Backup/Restore,Regras de Negócio / Orquestração,SQLite / JSON Pericial,PASS,HOMOLOGADO,Serviço de lógica de negócio: Backup/Restore
INV-0190,SERVICE,Business Service,FilialService,Services\FilialService.cs,Business Logic,Geral,Regras de Negócio / Orquestração,SQLite / JSON Pericial,PASS,HOMOLOGADO,Serviço de lógica de negócio: Geral
INV-0191,SERVICE,Business Service,FinanceiroDatabaseService,Services\FinanceiroDatabaseService.cs,Business Logic,Financeiro,Regras de Negócio / Orquestração,SQLite / JSON Pericial,PASS,HOMOLOGADO,Serviço de lógica de negócio: Financeiro
INV-0192,SERVICE,Business Service,FornecedorOperationalService,Services\FornecedorOperationalService.cs,Business Logic,Geral,Regras de Negócio / Orquestração,SQLite / JSON Pericial,PASS,HOMOLOGADO,Serviço de lógica de negócio: Geral
INV-0193,SERVICE,Business Service,FuncionarioMediaService,Services\FuncionarioMediaService.cs,Business Logic,Geral,Regras de Negócio / Orquestração,SQLite / JSON Pericial,PASS,HOMOLOGADO,Serviço de lógica de negócio: Geral
INV-0194,SERVICE,Business Service,FuncionarioOperationalService,Services\FuncionarioOperationalService.cs,Business Logic,Geral,Regras de Negócio / Orquestração,SQLite / JSON Pericial,PASS,HOMOLOGADO,Serviço de lógica de negócio: Geral
INV-0195,SERVICE,Business Service,GarantiaRetornoService,Services\GarantiaRetornoService.cs,Business Logic,Geral,Regras de Negócio / Orquestração,SQLite / JSON Pericial,PASS,HOMOLOGADO,Serviço de lógica de negócio: Geral
INV-0196,SERVICE,Business Service,INavigationService,Services\INavigationService.cs,Business Logic,Geral,Regras de Negócio / Orquestração,SQLite / JSON Pericial,PASS,HOMOLOGADO,Serviço de lógica de negócio: Geral
INV-0197,SERVICE,Business Service,LanguageManager,Services\LanguageManager.cs,Business Logic,Geral,Regras de Negócio / Orquestração,SQLite / JSON Pericial,PASS,HOMOLOGADO,Serviço de lógica de negócio: Geral
INV-0198,SERVICE,Business Service,LembreteRevisaoService,Services\LembreteRevisaoService.cs,Business Logic,Geral,Regras de Negócio / Orquestração,SQLite / JSON Pericial,PASS,HOMOLOGADO,Serviço de lógica de negócio: Geral
INV-0199,SERVICE,Business Service,LicenseService,Services\LicenseService.cs,Business Logic,Licenciamento,Regras de Negócio / Orquestração,SQLite / JSON Pericial,PASS,HOMOLOGADO,Serviço de lógica de negócio: Licenciamento
INV-0200,SERVICE,Business Service,LocalSyncService,Services\LocalSyncService.cs,Business Logic,Geral,Regras de Negócio / Orquestração,SQLite / JSON Pericial,PASS,HOMOLOGADO,Serviço de lógica de negócio: Geral
INV-0201,SERVICE,Business Service,LocalizationService.Closure,Services\LocalizationService.Closure.cs,Business Logic,Geral,Regras de Negócio / Orquestração,SQLite / JSON Pericial,PASS,HOMOLOGADO,Serviço de lógica de negócio: Geral
INV-0202,SERVICE,Business Service,LocalizationService.Content,Services\LocalizationService.Content.cs,Business Logic,Geral,Regras de Negócio / Orquestração,SQLite / JSON Pericial,PASS,HOMOLOGADO,Serviço de lógica de negócio: Geral
INV-0203,SERVICE,Business Service,LocalizationService.Gate,Services\LocalizationService.Gate.cs,Business Logic,Geral,Regras de Negócio / Orquestração,SQLite / JSON Pericial,PASS,HOMOLOGADO,Serviço de lógica de negócio: Geral
INV-0204,SERVICE,Business Service,LocalizationService.Interaction,Services\LocalizationService.Interaction.cs,Business Logic,Geral,Regras de Negócio / Orquestração,SQLite / JSON Pericial,PASS,HOMOLOGADO,Serviço de lógica de negócio: Geral
INV-0205,SERVICE,Business Service,LocalizationService.Modules,Services\LocalizationService.Modules.cs,Business Logic,Geral,Regras de Negócio / Orquestração,SQLite / JSON Pericial,PASS,HOMOLOGADO,Serviço de lógica de negócio: Geral
INV-0206,SERVICE,Business Service,LocalizationService,Services\LocalizationService.cs,Business Logic,Geral,Regras de Negócio / Orquestração,SQLite / JSON Pericial,PASS,HOMOLOGADO,Serviço de lógica de negócio: Geral
INV-0207,SERVICE,Business Service,LoggerService,Services\LoggerService.cs,Business Logic,Geral,Regras de Negócio / Orquestração,SQLite / JSON Pericial,PASS,HOMOLOGADO,Serviço de lógica de negócio: Geral
INV-0208,SERVICE,Business Service,LoginAuthenticationResult,Services\LoginAuthenticationResult.cs,Business Logic,Segurança/RBAC,Regras de Negócio / Orquestração,SQLite / JSON Pericial,PASS,HOMOLOGADO,Serviço de lógica de negócio: Segurança/RBAC
INV-0209,SERVICE,Business Service,MigrationService,Services\MigrationService.cs,Business Logic,Geral,Regras de Negócio / Orquestração,SQLite / JSON Pericial,PASS,HOMOLOGADO,Serviço de lógica de negócio: Geral
INV-0210,SERVICE,Business Service,MoneyCents,Services\MoneyCents.cs,Business Logic,Financeiro,Regras de Negócio / Orquestração,SQLite / JSON Pericial,PASS,HOMOLOGADO,Serviço de lógica de negócio: Financeiro
INV-0211,SERVICE,Business Service,MoneyIO,Services\MoneyIO.cs,Business Logic,Financeiro,Regras de Negócio / Orquestração,SQLite / JSON Pericial,PASS,HOMOLOGADO,Serviço de lógica de negócio: Financeiro
INV-0212,SERVICE,Business Service,NFeService,Services\NFeService.cs,Business Logic,Fiscal,Regras de Negócio / Orquestração,SQLite / JSON Pericial,PASS,HOMOLOGADO,Serviço de lógica de negócio: Fiscal
INV-0213,SERVICE,Business Service,NavigationService,Services\NavigationService.cs,Business Logic,Geral,Regras de Negócio / Orquestração,SQLite / JSON Pericial,PASS,HOMOLOGADO,Serviço de lógica de negócio: Geral
INV-0214,SERVICE,Business Service,NotificationService,Services\NotificationService.cs,Business Logic,Geral,Regras de Negócio / Orquestração,SQLite / JSON Pericial,PASS,HOMOLOGADO,Serviço de lógica de negócio: Geral
INV-0215,SERVICE,Business Service,OficinaProfissionalService,Services\OficinaProfissionalService.cs,Business Logic,Geral,Regras de Negócio / Orquestração,SQLite / JSON Pericial,PASS,HOMOLOGADO,Serviço de lógica de negócio: Geral
INV-0216,SERVICE,Business Service,OperationalWorkflowTestService,Services\OperationalWorkflowTestService.cs,Business Logic,QA/Automação,Regras de Negócio / Orquestração,SQLite / JSON Pericial,PASS,HOMOLOGADO,Serviço de lógica de negócio: QA/Automação
INV-0217,SERVICE,Business Service,OrcamentoAprovacaoService,Services\OrcamentoAprovacaoService.cs,Business Logic,Geral,Regras de Negócio / Orquestração,SQLite / JSON Pericial,PASS,HOMOLOGADO,Serviço de lógica de negócio: Geral
INV-0218,SERVICE,Business Service,OrcamentoDatabaseService,Services\OrcamentoDatabaseService.cs,Business Logic,Backup/Restore,Regras de Negócio / Orquestração,SQLite / JSON Pericial,PASS,HOMOLOGADO,Serviço de lógica de negócio: Backup/Restore
INV-0219,SERVICE,Business Service,OrcamentoPdfService,Services\OrcamentoPdfService.cs,Business Logic,Relatórios/Impressão,Regras de Negócio / Orquestração,SQLite / JSON Pericial,PASS,HOMOLOGADO,Serviço de lógica de negócio: Relatórios/Impressão
INV-0220,SERVICE,Business Service,OrdemServicoMediaService,Services\OrdemServicoMediaService.cs,Business Logic,Geral,Regras de Negócio / Orquestração,SQLite / JSON Pericial,PASS,HOMOLOGADO,Serviço de lógica de negócio: Geral
INV-0221,SERVICE,Business Service,PasswordHasherService,Services\PasswordHasherService.cs,Business Logic,Geral,Regras de Negócio / Orquestração,SQLite / JSON Pericial,PASS,HOMOLOGADO,Serviço de lógica de negócio: Geral
INV-0222,SERVICE,Business Service,PathSecurityHelper,Services\PathSecurityHelper.cs,Business Logic,Segurança/RBAC,Regras de Negócio / Orquestração,SQLite / JSON Pericial,PASS,HOMOLOGADO,Serviço de lógica de negócio: Segurança/RBAC
INV-0223,SERVICE,Business Service,PedidoFornecedorService,Services\PedidoFornecedorService.cs,Business Logic,Geral,Regras de Negócio / Orquestração,SQLite / JSON Pericial,PASS,HOMOLOGADO,Serviço de lógica de negócio: Geral
INV-0224,SERVICE,Business Service,PermissionCheckResult,Services\PermissionCheckResult.cs,Business Logic,Segurança/RBAC,Regras de Negócio / Orquestração,SQLite / JSON Pericial,PASS,HOMOLOGADO,Serviço de lógica de negócio: Segurança/RBAC
INV-0225,SERVICE,Business Service,PermissionProfileTestService,Services\PermissionProfileTestService.cs,Business Logic,Segurança/RBAC,Regras de Negócio / Orquestração,SQLite / JSON Pericial,PASS,HOMOLOGADO,Serviço de lógica de negócio: Segurança/RBAC
INV-0226,SERVICE,Business Service,PermissionService,Services\PermissionService.cs,Business Logic,Segurança/RBAC,Regras de Negócio / Orquestração,SQLite / JSON Pericial,PASS,HOMOLOGADO,Serviço de lógica de negócio: Segurança/RBAC
INV-0227,SERVICE,Business Service,PosVendaService,Services\PosVendaService.cs,Business Logic,Pós-Venda,Regras de Negócio / Orquestração,SQLite / JSON Pericial,PASS,HOMOLOGADO,Serviço de lógica de negócio: Pós-Venda
INV-0228,SERVICE,Business Service,Primox360Service,Services\Primox360Service.cs,Business Logic,Geral,Regras de Negócio / Orquestração,SQLite / JSON Pericial,PASS,HOMOLOGADO,Serviço de lógica de negócio: Geral
INV-0229,SERVICE,Business Service,PrimoxQaEngine,Services\PrimoxQaEngine.cs,Business Logic,Geral,Regras de Negócio / Orquestração,SQLite / JSON Pericial,PASS,HOMOLOGADO,Serviço de lógica de negócio: Geral
INV-0230,SERVICE,Business Service,PrinterDiagnosticsService,Services\PrinterDiagnosticsService.cs,Business Logic,Geral,Regras de Negócio / Orquestração,SQLite / JSON Pericial,PASS,HOMOLOGADO,Serviço de lógica de negócio: Geral
INV-0231,SERVICE,Business Service,ProdutoEtiquetaService,Services\ProdutoEtiquetaService.cs,Business Logic,Estoque/Peças,Regras de Negócio / Orquestração,SQLite / JSON Pericial,PASS,HOMOLOGADO,Serviço de lógica de negócio: Estoque/Peças
INV-0232,SERVICE,Business Service,ProdutoImportacaoService,Services\ProdutoImportacaoService.cs,Business Logic,Estoque/Peças,Regras de Negócio / Orquestração,SQLite / JSON Pericial,PASS,HOMOLOGADO,Serviço de lógica de negócio: Estoque/Peças
INV-0233,SERVICE,Business Service,ProdutoMediaService,Services\ProdutoMediaService.cs,Business Logic,Estoque/Peças,Regras de Negócio / Orquestração,SQLite / JSON Pericial,PASS,HOMOLOGADO,Serviço de lógica de negócio: Estoque/Peças
INV-0234,SERVICE,Business Service,QualityReportService,Services\QualityReportService.cs,Business Logic,Geral,Regras de Negócio / Orquestração,SQLite / JSON Pericial,PASS,HOMOLOGADO,Serviço de lógica de negócio: Geral
INV-0235,SERVICE,Business Service,RecordLockService,Services\RecordLockService.cs,Business Logic,Geral,Regras de Negócio / Orquestração,SQLite / JSON Pericial,PASS,HOMOLOGADO,Serviço de lógica de negócio: Geral
INV-0236,SERVICE,Business Service,RegistroBloqueioService,Services\RegistroBloqueioService.cs,Business Logic,Geral,Regras de Negócio / Orquestração,SQLite / JSON Pericial,PASS,HOMOLOGADO,Serviço de lógica de negócio: Geral
INV-0237,SERVICE,Business Service,RelatorioDatabaseService,Services\RelatorioDatabaseService.cs,Business Logic,Backup/Restore,Regras de Negócio / Orquestração,SQLite / JSON Pericial,PASS,HOMOLOGADO,Serviço de lógica de negócio: Backup/Restore
INV-0238,SERVICE,Business Service,RelatorioExportService,Services\RelatorioExportService.cs,Business Logic,Relatórios/Impressão,Regras de Negócio / Orquestração,SQLite / JSON Pericial,PASS,HOMOLOGADO,Serviço de lógica de negócio: Relatórios/Impressão
INV-0239,SERVICE,Business Service,RelatorioFinanceiroService,Services\RelatorioFinanceiroService.cs,Business Logic,Financeiro,Regras de Negócio / Orquestração,SQLite / JSON Pericial,PASS,HOMOLOGADO,Serviço de lógica de negócio: Financeiro
INV-0240,SERVICE,Business Service,SecureProcessLauncher,Services\SecureProcessLauncher.cs,Business Logic,Geral,Regras de Negócio / Orquestração,SQLite / JSON Pericial,PASS,HOMOLOGADO,Serviço de lógica de negócio: Geral
INV-0241,SERVICE,Business Service,SecureXmlLoader,Services\SecureXmlLoader.cs,Business Logic,Geral,Regras de Negócio / Orquestração,SQLite / JSON Pericial,PASS,HOMOLOGADO,Serviço de lógica de negócio: Geral
INV-0242,SERVICE,Business Service,SessionInactivityService,Services\SessionInactivityService.cs,Business Logic,Geral,Regras de Negócio / Orquestração,SQLite / JSON Pericial,PASS,HOMOLOGADO,Serviço de lógica de negócio: Geral
INV-0243,SERVICE,Business Service,ShellNotificationService,Services\ShellNotificationService.cs,Business Logic,Geral,Regras de Negócio / Orquestração,SQLite / JSON Pericial,PASS,HOMOLOGADO,Serviço de lógica de negócio: Geral
INV-0244,SERVICE,Business Service,SidebarLayoutService,Services\SidebarLayoutService.cs,Business Logic,Geral,Regras de Negócio / Orquestração,SQLite / JSON Pericial,PASS,HOMOLOGADO,Serviço de lógica de negócio: Geral
INV-0245,SERVICE,Business Service,SintomaCausaHistoricoService,Services\SintomaCausaHistoricoService.cs,Business Logic,Geral,Regras de Negócio / Orquestração,SQLite / JSON Pericial,PASS,HOMOLOGADO,Serviço de lógica de negócio: Geral
INV-0246,SERVICE,Business Service,StationService,Services\StationService.cs,Business Logic,Geral,Regras de Negócio / Orquestração,SQLite / JSON Pericial,PASS,HOMOLOGADO,Serviço de lógica de negócio: Geral
INV-0247,SERVICE,Business Service,SynchronizationService,Services\SynchronizationService.cs,Business Logic,Geral,Regras de Negócio / Orquestração,SQLite / JSON Pericial,PASS,HOMOLOGADO,Serviço de lógica de negócio: Geral
INV-0248,SERVICE,Business Service,SystemConfigurationService,Services\SystemConfigurationService.cs,Business Logic,Geral,Regras de Negócio / Orquestração,SQLite / JSON Pericial,PASS,HOMOLOGADO,Serviço de lógica de negócio: Geral
INV-0249,SERVICE,Business Service,ThemeResourceValidationService,Services\ThemeResourceValidationService.cs,Business Logic,Geral,Regras de Negócio / Orquestração,SQLite / JSON Pericial,PASS,HOMOLOGADO,Serviço de lógica de negócio: Geral
INV-0250,SERVICE,Business Service,ThemeService,Services\ThemeService.cs,Business Logic,Geral,Regras de Negócio / Orquestração,SQLite / JSON Pericial,PASS,HOMOLOGADO,Serviço de lógica de negócio: Geral
INV-0251,SERVICE,Business Service,TwoFactorService,Services\TwoFactorService.cs,Business Logic,Geral,Regras de Negócio / Orquestração,SQLite / JSON Pericial,PASS,HOMOLOGADO,Serviço de lógica de negócio: Geral
INV-0252,SERVICE,Business Service,TwoFactorStoreService,Services\TwoFactorStoreService.cs,Business Logic,Geral,Regras de Negócio / Orquestração,SQLite / JSON Pericial,PASS,HOMOLOGADO,Serviço de lógica de negócio: Geral
INV-0253,SERVICE,Business Service,UiSmokeTestService.Agendamentos,Services\UiSmokeTestService.Agendamentos.cs,Business Logic,QA/Automação,Regras de Negócio / Orquestração,SQLite / JSON Pericial,PASS,HOMOLOGADO,Serviço de lógica de negócio: QA/Automação
INV-0254,SERVICE,Business Service,UiSmokeTestService.Assurance12,Services\UiSmokeTestService.Assurance12.cs,Business Logic,QA/Automação,Regras de Negócio / Orquestração,SQLite / JSON Pericial,PASS,HOMOLOGADO,Serviço de lógica de negócio: QA/Automação
INV-0255,SERVICE,Business Service,UiSmokeTestService.Assurance13,Services\UiSmokeTestService.Assurance13.cs,Business Logic,QA/Automação,Regras de Negócio / Orquestração,SQLite / JSON Pericial,PASS,HOMOLOGADO,Serviço de lógica de negócio: QA/Automação
INV-0256,SERVICE,Business Service,UiSmokeTestService.AutoEletrica,Services\UiSmokeTestService.AutoEletrica.cs,Business Logic,Autoelétrica,Regras de Negócio / Orquestração,SQLite / JSON Pericial,PASS,HOMOLOGADO,Serviço de lógica de negócio: Autoelétrica
INV-0257,SERVICE,Business Service,UiSmokeTestService.Calendar,Services\UiSmokeTestService.Calendar.cs,Business Logic,QA/Automação,Regras de Negócio / Orquestração,SQLite / JSON Pericial,PASS,HOMOLOGADO,Serviço de lógica de negócio: QA/Automação
INV-0258,SERVICE,Business Service,UiSmokeTestService.CatalogoImport,Services\UiSmokeTestService.CatalogoImport.cs,Business Logic,Estoque/Peças,Regras de Negócio / Orquestração,SQLite / JSON Pericial,PASS,HOMOLOGADO,Serviço de lógica de negócio: Estoque/Peças
INV-0259,SERVICE,Business Service,UiSmokeTestService.Clientes,Services\UiSmokeTestService.Clientes.cs,Business Logic,QA/Automação,Regras de Negócio / Orquestração,SQLite / JSON Pericial,PASS,HOMOLOGADO,Serviço de lógica de negócio: QA/Automação
INV-0260,SERVICE,Business Service,UiSmokeTestService.Components,Services\UiSmokeTestService.Components.cs,Business Logic,QA/Automação,Regras de Negócio / Orquestração,SQLite / JSON Pericial,PASS,HOMOLOGADO,Serviço de lógica de negócio: QA/Automação
INV-0261,SERVICE,Business Service,UiSmokeTestService.Configuracoes,Services\UiSmokeTestService.Configuracoes.cs,Business Logic,QA/Automação,Regras de Negócio / Orquestração,SQLite / JSON Pericial,PASS,HOMOLOGADO,Serviço de lógica de negócio: QA/Automação
INV-0262,SERVICE,Business Service,UiSmokeTestService.Dashboard,Services\UiSmokeTestService.Dashboard.cs,Business Logic,QA/Automação,Regras de Negócio / Orquestração,SQLite / JSON Pericial,PASS,HOMOLOGADO,Serviço de lógica de negócio: QA/Automação
INV-0263,SERVICE,Business Service,UiSmokeTestService.DeepQa,Services\UiSmokeTestService.DeepQa.cs,Business Logic,QA/Automação,Regras de Negócio / Orquestração,SQLite / JSON Pericial,PASS,HOMOLOGADO,Serviço de lógica de negócio: QA/Automação
INV-0264,SERVICE,Business Service,UiSmokeTestService.Discovery,Services\UiSmokeTestService.Discovery.cs,Business Logic,QA/Automação,Regras de Negócio / Orquestração,SQLite / JSON Pericial,PASS,HOMOLOGADO,Serviço de lógica de negócio: QA/Automação
INV-0265,SERVICE,Business Service,UiSmokeTestService.Documentacao,Services\UiSmokeTestService.Documentacao.cs,Business Logic,QA/Automação,Regras de Negócio / Orquestração,SQLite / JSON Pericial,PASS,HOMOLOGADO,Serviço de lógica de negócio: QA/Automação
INV-0266,SERVICE,Business Service,UiSmokeTestService.Documentos,Services\UiSmokeTestService.Documentos.cs,Business Logic,QA/Automação,Regras de Negócio / Orquestração,SQLite / JSON Pericial,PASS,HOMOLOGADO,Serviço de lógica de negócio: QA/Automação
INV-0267,SERVICE,Business Service,UiSmokeTestService.Dvi,Services\UiSmokeTestService.Dvi.cs,Business Logic,QA/Automação,Regras de Negócio / Orquestração,SQLite / JSON Pericial,PASS,HOMOLOGADO,Serviço de lógica de negócio: QA/Automação
INV-0268,SERVICE,Business Service,UiSmokeTestService.Estoque,Services\UiSmokeTestService.Estoque.cs,Business Logic,Estoque/Peças,Regras de Negócio / Orquestração,SQLite / JSON Pericial,PASS,HOMOLOGADO,Serviço de lógica de negócio: Estoque/Peças
INV-0269,SERVICE,Business Service,UiSmokeTestService.ExhaustiveUi,Services\UiSmokeTestService.ExhaustiveUi.cs,Business Logic,QA/Automação,Regras de Negócio / Orquestração,SQLite / JSON Pericial,PASS,HOMOLOGADO,Serviço de lógica de negócio: QA/Automação
INV-0270,SERVICE,Business Service,UiSmokeTestService.Financeiro,Services\UiSmokeTestService.Financeiro.cs,Business Logic,Financeiro,Regras de Negócio / Orquestração,SQLite / JSON Pericial,PASS,HOMOLOGADO,Serviço de lógica de negócio: Financeiro
INV-0271,SERVICE,Business Service,UiSmokeTestService.Fixtures,Services\UiSmokeTestService.Fixtures.cs,Business Logic,QA/Automação,Regras de Negócio / Orquestração,SQLite / JSON Pericial,PASS,HOMOLOGADO,Serviço de lógica de negócio: QA/Automação
INV-0272,SERVICE,Business Service,UiSmokeTestService.Fornecedores,Services\UiSmokeTestService.Fornecedores.cs,Business Logic,QA/Automação,Regras de Negócio / Orquestração,SQLite / JSON Pericial,PASS,HOMOLOGADO,Serviço de lógica de negócio: QA/Automação
INV-0273,SERVICE,Business Service,UiSmokeTestService.Funcionarios,Services\UiSmokeTestService.Funcionarios.cs,Business Logic,QA/Automação,Regras de Negócio / Orquestração,SQLite / JSON Pericial,PASS,HOMOLOGADO,Serviço de lógica de negócio: QA/Automação
INV-0274,SERVICE,Business Service,UiSmokeTestService.Helpers,Services\UiSmokeTestService.Helpers.cs,Business Logic,QA/Automação,Regras de Negócio / Orquestração,SQLite / JSON Pericial,PASS,HOMOLOGADO,Serviço de lógica de negócio: QA/Automação
INV-0275,SERVICE,Business Service,UiSmokeTestService.I18n04,Services\UiSmokeTestService.I18n04.cs,Business Logic,QA/Automação,Regras de Negócio / Orquestração,SQLite / JSON Pericial,PASS,HOMOLOGADO,Serviço de lógica de negócio: QA/Automação
INV-0276,SERVICE,Business Service,UiSmokeTestService.Login,Services\UiSmokeTestService.Login.cs,Business Logic,QA/Automação,Regras de Negócio / Orquestração,SQLite / JSON Pericial,PASS,HOMOLOGADO,Serviço de lógica de negócio: QA/Automação
INV-0277,SERVICE,Business Service,UiSmokeTestService.Modals,Services\UiSmokeTestService.Modals.cs,Business Logic,QA/Automação,Regras de Negócio / Orquestração,SQLite / JSON Pericial,PASS,HOMOLOGADO,Serviço de lógica de negócio: QA/Automação
INV-0278,SERVICE,Business Service,UiSmokeTestService.NFe,Services\UiSmokeTestService.NFe.cs,Business Logic,Fiscal,Regras de Negócio / Orquestração,SQLite / JSON Pericial,PASS,HOMOLOGADO,Serviço de lógica de negócio: Fiscal
INV-0279,SERVICE,Business Service,UiSmokeTestService.Navigation,Services\UiSmokeTestService.Navigation.cs,Business Logic,QA/Automação,Regras de Negócio / Orquestração,SQLite / JSON Pericial,PASS,HOMOLOGADO,Serviço de lógica de negócio: QA/Automação
INV-0280,SERVICE,Business Service,UiSmokeTestService.OficinaKanban,Services\UiSmokeTestService.OficinaKanban.cs,Business Logic,QA/Automação,Regras de Negócio / Orquestração,SQLite / JSON Pericial,PASS,HOMOLOGADO,Serviço de lógica de negócio: QA/Automação
INV-0281,SERVICE,Business Service,UiSmokeTestService.Orcamentos,Services\UiSmokeTestService.Orcamentos.cs,Business Logic,QA/Automação,Regras de Negócio / Orquestração,SQLite / JSON Pericial,PASS,HOMOLOGADO,Serviço de lógica de negócio: QA/Automação
INV-0282,SERVICE,Business Service,UiSmokeTestService.OrdensServico,Services\UiSmokeTestService.OrdensServico.cs,Business Logic,QA/Automação,Regras de Negócio / Orquestração,SQLite / JSON Pericial,PASS,HOMOLOGADO,Serviço de lógica de negócio: QA/Automação
INV-0283,SERVICE,Business Service,UiSmokeTestService.OvernightQa,Services\UiSmokeTestService.OvernightQa.cs,Business Logic,QA/Automação,Regras de Negócio / Orquestração,SQLite / JSON Pericial,PASS,HOMOLOGADO,Serviço de lógica de negócio: QA/Automação
INV-0284,SERVICE,Business Service,UiSmokeTestService.PDV,Services\UiSmokeTestService.PDV.cs,Business Logic,QA/Automação,Regras de Negócio / Orquestração,SQLite / JSON Pericial,PASS,HOMOLOGADO,Serviço de lógica de negócio: QA/Automação
INV-0285,SERVICE,Business Service,UiSmokeTestService.PrimoxQa.CompleteUi,Services\UiSmokeTestService.PrimoxQa.CompleteUi.cs,Business Logic,QA/Automação,Regras de Negócio / Orquestração,SQLite / JSON Pericial,PASS,HOMOLOGADO,Serviço de lógica de negócio: QA/Automação
INV-0286,SERVICE,Business Service,UiSmokeTestService.PrimoxQa.Coverage,Services\UiSmokeTestService.PrimoxQa.Coverage.cs,Business Logic,QA/Automação,Regras de Negócio / Orquestração,SQLite / JSON Pericial,PASS,HOMOLOGADO,Serviço de lógica de negócio: QA/Automação
INV-0287,SERVICE,Business Service,UiSmokeTestService.PrimoxQa.Finalization,Services\UiSmokeTestService.PrimoxQa.Finalization.cs,Business Logic,QA/Automação,Regras de Negócio / Orquestração,SQLite / JSON Pericial,PASS,HOMOLOGADO,Serviço de lógica de negócio: QA/Automação
INV-0288,SERVICE,Business Service,UiSmokeTestService.PrimoxQa,Services\UiSmokeTestService.PrimoxQa.cs,Business Logic,QA/Automação,Regras de Negócio / Orquestração,SQLite / JSON Pericial,PASS,HOMOLOGADO,Serviço de lógica de negócio: QA/Automação
INV-0289,SERVICE,Business Service,UiSmokeTestService.Produtos,Services\UiSmokeTestService.Produtos.cs,Business Logic,Estoque/Peças,Regras de Negócio / Orquestração,SQLite / JSON Pericial,PASS,HOMOLOGADO,Serviço de lógica de negócio: Estoque/Peças
INV-0290,SERVICE,Business Service,UiSmokeTestService.Relatorios,Services\UiSmokeTestService.Relatorios.cs,Business Logic,Relatórios/Impressão,Regras de Negócio / Orquestração,SQLite / JSON Pericial,PASS,HOMOLOGADO,Serviço de lógica de negócio: Relatórios/Impressão
INV-0291,SERVICE,Business Service,UiSmokeTestService.Robustez,Services\UiSmokeTestService.Robustez.cs,Business Logic,QA/Automação,Regras de Negócio / Orquestração,SQLite / JSON Pericial,PASS,HOMOLOGADO,Serviço de lógica de negócio: QA/Automação
INV-0292,SERVICE,Business Service,UiSmokeTestService.Shell,Services\UiSmokeTestService.Shell.cs,Business Logic,QA/Automação,Regras de Negócio / Orquestração,SQLite / JSON Pericial,PASS,HOMOLOGADO,Serviço de lógica de negócio: QA/Automação
INV-0293,SERVICE,Business Service,UiSmokeTestService.Theme,Services\UiSmokeTestService.Theme.cs,Business Logic,QA/Automação,Regras de Negócio / Orquestração,SQLite / JSON Pericial,PASS,HOMOLOGADO,Serviço de lógica de negócio: QA/Automação
INV-0294,SERVICE,Business Service,UiSmokeTestService.Types,Services\UiSmokeTestService.Types.cs,Business Logic,QA/Automação,Regras de Negócio / Orquestração,SQLite / JSON Pericial,PASS,HOMOLOGADO,Serviço de lógica de negócio: QA/Automação
INV-0295,SERVICE,Business Service,UiSmokeTestService.Veiculos,Services\UiSmokeTestService.Veiculos.cs,Business Logic,QA/Automação,Regras de Negócio / Orquestração,SQLite / JSON Pericial,PASS,HOMOLOGADO,Serviço de lógica de negócio: QA/Automação
INV-0296,SERVICE,Business Service,UiSmokeTestService,Services\UiSmokeTestService.cs,Business Logic,QA/Automação,Regras de Negócio / Orquestração,SQLite / JSON Pericial,PASS,HOMOLOGADO,Serviço de lógica de negócio: QA/Automação
INV-0297,SERVICE,Business Service,UpdateService,Services\UpdateService.cs,Business Logic,Geral,Regras de Negócio / Orquestração,SQLite / JSON Pericial,PASS,HOMOLOGADO,Serviço de lógica de negócio: Geral
INV-0298,SERVICE,Business Service,UserSessionService,Services\UserSessionService.cs,Business Logic,Segurança/RBAC,Regras de Negócio / Orquestração,SQLite / JSON Pericial,PASS,HOMOLOGADO,Serviço de lógica de negócio: Segurança/RBAC
INV-0299,SERVICE,Business Service,VeiculoMediaService,Services\VeiculoMediaService.cs,Business Logic,Geral,Regras de Negócio / Orquestração,SQLite / JSON Pericial,PASS,HOMOLOGADO,Serviço de lógica de negócio: Geral
INV-0300,SERVICE,Business Service,VeiculoProfileService,Services\VeiculoProfileService.cs,Business Logic,Geral,Regras de Negócio / Orquestração,SQLite / JSON Pericial,PASS,HOMOLOGADO,Serviço de lógica de negócio: Geral
INV-0301,SERVICE,Business Service,VendaComprovanteService,Services\VendaComprovanteService.cs,Business Logic,Geral,Regras de Negócio / Orquestração,SQLite / JSON Pericial,PASS,HOMOLOGADO,Serviço de lógica de negócio: Geral
INV-0302,SERVICE,Business Service,VendaService,Services\VendaService.cs,Business Logic,Geral,Regras de Negócio / Orquestração,SQLite / JSON Pericial,PASS,HOMOLOGADO,Serviço de lógica de negócio: Geral
INV-0303,SERVICE,Business Service,WorkspacePreferenceService,Services\WorkspacePreferenceService.cs,Business Logic,Geral,Regras de Negócio / Orquestração,SQLite / JSON Pericial,PASS,HOMOLOGADO,Serviço de lógica de negócio: Geral
INV-0304,SERVICE,Business Service,XmlProdutoParser,Services\XmlProdutoParser.cs,Business Logic,Estoque/Peças,Regras de Negócio / Orquestração,SQLite / JSON Pericial,PASS,HOMOLOGADO,Serviço de lógica de negócio: Estoque/Peças
